Belegnr;Empfänger/Auftraggeber;Datum;Vorgangsart;Buchungsinfo;Soll;Haben;Wg
B00001;Fitness First Germany;01.01.2025;Folgelastschrift;MITGLIEDSBEITRAG 01/2025;39,90;;EUR
B00002;Hausverwaltung Bergmann GmbH;01.01.2025;Dauerauftrag;MIETE WOHNUNG 12 01/2025;1.150,00;;EUR
B00003;Allianz Versicherungs-AG;02.01.2025;Folgelastschrift;HAUSRAT UND HAFTPFLICHT 01/2025;42,50;;EUR
B00004;LIDL Vertriebs GmbH;02.01.2025;Kartenzahlung;LIDL DANKT IHNEN;25,00;;EUR
B00005;KAUFLAND BERLIN;04.01.2025;Kartenzahlung;KAUFLAND 4711 BERLIN;85,10;;EUR
B00006;KAUFLAND BERLIN;04.01.2025;Kartenzahlung;KAUFLAND 4711 BERLIN;79,80;;EUR
B00007;Deutsche Bahn AG;05.01.2025;Kartenzahlung;DB FERNVERKEHR TICKET;29,00;;EUR
B00008;EDEKA Sander;05.01.2025;Kartenzahlung;EDEKA SAGT DANKE;52,30;;EUR
B00009;Telekom Deutschland GmbH;05.01.2025;Folgelastschrift;MAGENTA ZUHAUSE 100 MBIT;39,99;;EUR
B00010;Lieferando.de;06.01.2025;Kartenzahlung;LIEFERANDO BESTELLUNG;29,00;;EUR
B00011;NETFLIX INTERNATIONAL BV;07.01.2025;Folgelastschrift;NETFLIX STANDARD ABO;12,99;;EUR
B00012;Sparkasse Geldautomat;08.01.2025;Bargeldauszahlung;GA NR00012345 BLZ12030000 01.01/BERLIN;200,00;;EUR
B00013;Vodafone GmbH;08.01.2025;Folgelastschrift;MOBILFUNK RECHNUNG 01/2025;19,99;;EUR
B00014;PayPal Europe S.a.r.l.;10.01.2025;Online-Ueberweisung;PP.4711.PP . LEA HOFFMANN, Ihre Zahlung;31,50;;EUR
B00015;REWE Markt GmbH;10.01.2025;Kartenzahlung;REWE SAGT DANKE. BIS BALD;40,90;;EUR
B00016;SPOTIFY AB;11.01.2025;Folgelastschrift;SPOTIFY PREMIUM;10,99;;EUR
B00017;EDEKA Sander;15.01.2025;Kartenzahlung;EDEKA SAGT DANKE;60,30;;EUR
B00018;Vattenfall Europe Sales GmbH;15.01.2025;Folgelastschrift;STROM ABSCHLAG 01/2025;78,00;;EUR
B00019;EDEKA Sander;18.01.2025;Kartenzahlung;EDEKA SAGT DANKE;24,40;;EUR
B00020;AMAZON PRIME MEMBERSHIP;19.01.2025;Kartenzahlung;AMZN PRIME DE MITGLIEDSCHAFT;8,99;;EUR
B00021;AMAZON EU S.A R.L.;20.01.2025;Kartenzahlung;AMZN Mktp DE 837886;61,10;;EUR
B00022;NETTO MARKEN-DISCOUNT;20.01.2025;Kartenzahlung;NETTO FILIALE 3312;38,80;;EUR
B00023;ADOBE SYSTEMS SOFTWARE;22.01.2025;Kartenzahlung;ADOBE CREATIVE CLOUD ABO;23,79;;EUR
B00024;Cafe Milchbart;23.01.2025;Kartenzahlung;CAFE MILCHBART;11,00;;EUR
B00025;LIDL Vertriebs GmbH;23.01.2025;Kartenzahlung;LIDL DANKT IHNEN;19,60;;EUR
B00026;VAPIANO Berlin Mitte;23.01.2025;Kartenzahlung;VAPIANO MITTE;14,10;;EUR
B00027;Döner Haus Kreuzberg;24.01.2025;Kartenzahlung;DOENER HAUS;8,40;;EUR
B00028;BVG Berliner Verkehrsbetriebe;25.01.2025;Folgelastschrift;DEUTSCHLANDTICKET 01/2025;49,00;;EUR
B00029;LIDL Vertriebs GmbH;25.01.2025;Kartenzahlung;LIDL DANKT IHNEN;47,50;;EUR
B00030;Lieferando.de;25.01.2025;Kartenzahlung;LIEFERANDO BESTELLUNG;24,70;;EUR
B00031;NETTO MARKEN-DISCOUNT;25.01.2025;Kartenzahlung;NETTO FILIALE 3312;37,40;;EUR
B00032;Sparkasse Geldautomat;26.01.2025;Bargeldauszahlung;GA NR00012345 BLZ12030000 01.01/BERLIN;100,00;;EUR
B00033;REWE Markt GmbH;27.01.2025;Kartenzahlung;REWE SAGT DANKE. BIS BALD;19,00;;EUR
B00034;Döner Haus Kreuzberg;28.01.2025;Kartenzahlung;DOENER HAUS;9,10;;EUR
B00035;Mustermann Systems GmbH;28.01.2025;Lohn  Gehalt;GEHALT 01/2025 PERS.NR 4711;;2.850,00;EUR
B00036;NETTO MARKEN-DISCOUNT;28.01.2025;Kartenzahlung;NETTO FILIALE 3312;19,90;;EUR
B00037;ALDI SÜD;01.02.2025;Kartenzahlung;ALDI SUED SAGT DANKE;40,40;;EUR
B00038;Fitness First Germany;01.02.2025;Folgelastschrift;MITGLIEDSBEITRAG 02/2025;39,90;;EUR
B00039;Hausverwaltung Bergmann GmbH;01.02.2025;Dauerauftrag;MIETE WOHNUNG 12 02/2025;1.150,00;;EUR
B00040;Allianz Versicherungs-AG;02.02.2025;Folgelastschrift;HAUSRAT UND HAFTPFLICHT 02/2025;42,50;;EUR
B00041;DEAN AND DAVID;03.02.2025;Kartenzahlung;DEAN+DAVID 1188;16,80;;EUR
B00042;REWE Markt GmbH;03.02.2025;Kartenzahlung;REWE SAGT DANKE. BIS BALD;42,80;;EUR
B00043;Bäckerei Steinecke;04.02.2025;Kartenzahlung;BAECKEREI STEINECKE;3,30;;EUR
B00044;LIDL Vertriebs GmbH;05.02.2025;Kartenzahlung;LIDL DANKT IHNEN;30,50;;EUR
B00045;Telekom Deutschland GmbH;05.02.2025;Folgelastschrift;MAGENTA ZUHAUSE 100 MBIT;39,99;;EUR
B00046;dm drogerie markt;06.02.2025;Kartenzahlung;DM FIL 8817 BERLIN;13,60;;EUR
B00047;NETFLIX INTERNATIONAL BV;07.02.2025;Folgelastschrift;NETFLIX STANDARD ABO;12,99;;EUR
B00048;PayPal Europe S.a.r.l.;07.02.2025;Online-Ueberweisung;PP.4711.PP . JONAS KELLER, Ihre Zahlung;23,50;;EUR
B00049;Vodafone GmbH;08.02.2025;Folgelastschrift;MOBILFUNK RECHNUNG 02/2025;19,99;;EUR
B00050;PayPal Europe S.a.r.l.;10.02.2025;Online-Ueberweisung;PP.4711.PP . MAX SCHULZ, Ihre Zahlung;10,50;;EUR
B00051;Sparkasse Geldautomat;10.02.2025;Bargeldauszahlung;GA NR00012345 BLZ12030000 01.02/BERLIN;50,00;;EUR
B00052;KAUFLAND BERLIN;11.02.2025;Kartenzahlung;KAUFLAND 4711 BERLIN;36,50;;EUR
B00053;SPOTIFY AB;11.02.2025;Folgelastschrift;SPOTIFY PREMIUM;10,99;;EUR
B00054;dm drogerie markt;11.02.2025;Kartenzahlung;DM FIL 8817 BERLIN;7,60;;EUR
B00055;KAUFLAND BERLIN;12.02.2025;Kartenzahlung;KAUFLAND 4711 BERLIN;29,40;;EUR
B00056;LIDL Vertriebs GmbH;12.02.2025;Kartenzahlung;LIDL DANKT IHNEN;53,20;;EUR
B00057;Lieferando.de;15.02.2025;Kartenzahlung;LIEFERANDO BESTELLUNG;32,70;;EUR
B00058;Vattenfall Europe Sales GmbH;15.02.2025;Folgelastschrift;STROM ABSCHLAG 02/2025;78,00;;EUR
B00059;DEAN AND DAVID;17.02.2025;Kartenzahlung;DEAN+DAVID 1188;9,80;;EUR
B00060;Lieferando.de;17.02.2025;Kartenzahlung;LIEFERANDO BESTELLUNG;39,30;;EUR
B00061;NETTO MARKEN-DISCOUNT;18.02.2025;Kartenzahlung;NETTO FILIALE 3312;37,10;;EUR
B00062;AMAZON PRIME MEMBERSHIP;19.02.2025;Kartenzahlung;AMZN PRIME DE MITGLIEDSCHAFT;8,99;;EUR
B00063;ADOBE SYSTEMS SOFTWARE;22.02.2025;Kartenzahlung;ADOBE CREATIVE CLOUD ABO;23,79;;EUR
B00064;AMAZON EU S.A R.L.;23.02.2025;Kartenzahlung;AMZN Mktp DE 879093;37,80;;EUR
B00065;AMAZON EU S.A R.L.;24.02.2025;Kartenzahlung;AMZN Mktp DE 292070;118,60;;EUR
B00066;Deutsche Bahn AG;24.02.2025;Kartenzahlung;DB FERNVERKEHR TICKET;37,20;;EUR
B00067;BVG Berliner Verkehrsbetriebe;25.02.2025;Folgelastschrift;DEUTSCHLANDTICKET 02/2025;49,00;;EUR
B00068;NETTO MARKEN-DISCOUNT;25.02.2025;Kartenzahlung;NETTO FILIALE 3312;11,10;;EUR
B00069;KAUFLAND BERLIN;28.02.2025;Kartenzahlung;KAUFLAND 4711 BERLIN;49,50;;EUR
B00070;Mustermann Systems GmbH;28.02.2025;Lohn  Gehalt;GEHALT 02/2025 PERS.NR 4711;;2.850,00;EUR
B00071;REWE Markt GmbH;28.02.2025;Kartenzahlung;REWE SAGT DANKE. BIS BALD;58,00;;EUR
B00072;Fitness First Germany;01.03.2025;Folgelastschrift;MITGLIEDSBEITRAG 03/2025;39,90;;EUR
B00073;Hausverwaltung Bergmann GmbH;01.03.2025;Dauerauftrag;MIETE WOHNUNG 12 03/2025;1.150,00;;EUR
B00074;AMAZON EU S.A R.L.;02.03.2025;Kartenzahlung;AMZN Mktp DE 472735;102,90;;EUR
B00075;Allianz Versicherungs-AG;02.03.2025;Folgelastschrift;HAUSRAT UND HAFTPFLICHT 03/2025;42,50;;EUR
B00076;EDEKA Sander;03.03.2025;Kartenzahlung;EDEKA SAGT DANKE;41,90;;EUR
B00077;dm drogerie markt;04.03.2025;Kartenzahlung;DM FIL 8817 BERLIN;12,00;;EUR
B00078;ALDI SÜD;05.03.2025;Kartenzahlung;ALDI SUED SAGT DANKE;36,40;;EUR
B00079;AMAZON EU S.A R.L.;05.03.2025;Kartenzahlung;AMZN Mktp DE 764283;34,20;;EUR
B00080;SHELL DEUTSCHLAND;05.03.2025;Kartenzahlung;SHELL STATION 1204;48,20;;EUR
B00081;Telekom Deutschland GmbH;05.03.2025;Folgelastschrift;MAGENTA ZUHAUSE 100 MBIT;39,99;;EUR
B00082;NETFLIX INTERNATIONAL BV;07.03.2025;Folgelastschrift;NETFLIX STANDARD ABO;12,99;;EUR
B00083;REWE Markt GmbH;08.03.2025;Kartenzahlung;REWE SAGT DANKE. BIS BALD;26,80;;EUR
B00084;Vodafone GmbH;08.03.2025;Folgelastschrift;MOBILFUNK RECHNUNG 03/2025;19,99;;EUR
B00085;ALDI SÜD;11.03.2025;Kartenzahlung;ALDI SUED SAGT DANKE;39,10;;EUR
B00086;Döner Haus Kreuzberg;11.03.2025;Kartenzahlung;DOENER HAUS;13,00;;EUR
B00087;SPOTIFY AB;11.03.2025;Folgelastschrift;SPOTIFY PREMIUM;10,99;;EUR
B00088;PayPal Europe S.a.r.l.;13.03.2025;Online-Ueberweisung;PP.4711.PP . JONAS KELLER, Ihre Zahlung;28,00;;EUR
B00089;EDEKA Sander;14.03.2025;Kartenzahlung;EDEKA SANDER BERLIN;20,73;;EUR
B00090;Vattenfall Europe Sales GmbH;15.03.2025;Folgelastschrift;STROM ABSCHLAG 03/2025;78,00;;EUR
B00091;PayPal Europe S.a.r.l.;17.03.2025;Online-Ueberweisung;PP.4711.PP . JONAS KELLER, Ihre Zahlung;34,00;;EUR
B00092;VAPIANO Berlin Mitte;18.03.2025;Kartenzahlung;VAPIANO MITTE;18,80;;EUR
B00093;ALDI SÜD;19.03.2025;Kartenzahlung;ALDI SUED SAGT DANKE;35,00;;EUR
B00094;AMAZON PRIME MEMBERSHIP;19.03.2025;Kartenzahlung;AMZN PRIME DE MITGLIEDSCHAFT;8,99;;EUR
B00095;ADOBE SYSTEMS SOFTWARE;22.03.2025;Kartenzahlung;ADOBE CREATIVE CLOUD ABO;23,79;;EUR
B00096;dm drogerie markt;22.03.2025;Kartenzahlung;DM FIL 8817 BERLIN;8,90;;EUR
B00097;Sparkasse Geldautomat;24.03.2025;Bargeldauszahlung;GA NR00012345 BLZ12030000 01.03/BERLIN;200,00;;EUR
B00098;BVG Berliner Verkehrsbetriebe;25.03.2025;Folgelastschrift;DEUTSCHLANDTICKET 03/2025;49,00;;EUR
B00099;KAUFLAND BERLIN;25.03.2025;Kartenzahlung;KAUFLAND 4711 BERLIN;88,10;;EUR
B00100;EDEKA Sander;27.03.2025;Kartenzahlung;EDEKA SAGT DANKE;11,20;;EUR
B00101;DEAN AND DAVID;28.03.2025;Kartenzahlung;DEAN+DAVID 1188;15,40;;EUR
B00102;Mustermann Systems GmbH;28.03.2025;Lohn  Gehalt;GEHALT 03/2025 PERS.NR 4711;;2.850,00;EUR
B00103;Fitness First Germany;01.04.2025;Folgelastschrift;MITGLIEDSBEITRAG 04/2025;39,90;;EUR
B00104;Hausverwaltung Bergmann GmbH;01.04.2025;Dauerauftrag;MIETE WOHNUNG 12 04/2025;1.150,00;;EUR
B00105;Allianz Versicherungs-AG;02.04.2025;Folgelastschrift;HAUSRAT UND HAFTPFLICHT 04/2025;42,50;;EUR
B00106;AMAZON EU S.A R.L.;03.04.2025;Kartenzahlung;AMZN Mktp DE 536462;80,80;;EUR
B00107;AMAZON EU S.A R.L.;03.04.2025;Gutschrift;AMZN RETOUR ERSTATTUNG;;34,90;EUR
B00108;Cafe Milchbart;05.04.2025;Kartenzahlung;CAFE MILCHBART;5,50;;EUR
B00109;PayPal Europe S.a.r.l.;05.04.2025;Online-Ueberweisung;PP.4711.PP . ANNA WEBER, Ihre Zahlung;25,00;;EUR
B00110;Telekom Deutschland GmbH;05.04.2025;Folgelastschrift;MAGENTA ZUHAUSE 100 MBIT;39,99;;EUR
B00111;AMAZON EU S.A R.L.;07.04.2025;Kartenzahlung;AMZN Mktp DE 153129;88,80;;EUR
B00112;Döner Haus Kreuzberg;07.04.2025;Kartenzahlung;DOENER HAUS;8,00;;EUR
B00113;NETFLIX INTERNATIONAL BV;07.04.2025;Folgelastschrift;NETFLIX STANDARD ABO;12,99;;EUR
B00114;Vodafone GmbH;08.04.2025;Folgelastschrift;MOBILFUNK RECHNUNG 04/2025;19,99;;EUR
B00115;AMAZON EU S.A R.L.;09.04.2025;Kartenzahlung;AMZN Mktp DE 644552;58,10;;EUR
B00116;LIDL Vertriebs GmbH;09.04.2025;Kartenzahlung;LIDL DANKT IHNEN;12,70;;EUR
B00117;Bäckerei Steinecke;10.04.2025;Kartenzahlung;BAECKEREI STEINECKE;10,90;;EUR
B00118;Deutsche Bahn AG;11.04.2025;Kartenzahlung;DB FERNVERKEHR TICKET;26,70;;EUR
B00119;SPOTIFY AB;11.04.2025;Folgelastschrift;SPOTIFY PREMIUM;10,99;;EUR
B00120;UBER BV;11.04.2025;Kartenzahlung;UBER TRIP HELP.UBER.COM;23,70;;EUR
B00121;UBER BV;13.04.2025;Kartenzahlung;UBER TRIP HELP.UBER.COM;21,00;;EUR
B00122;Vattenfall Europe Sales GmbH;15.04.2025;Folgelastschrift;STROM ABSCHLAG 04/2025;78,00;;EUR
B00123;AMAZON PRIME MEMBERSHIP;19.04.2025;Kartenzahlung;AMZN PRIME DE MITGLIEDSCHAFT;8,99;;EUR
B00124;LIDL Vertriebs GmbH;21.04.2025;Kartenzahlung;LIDL DANKT IHNEN;10,10;;EUR
B00125;VAPIANO Berlin Mitte;21.04.2025;Kartenzahlung;VAPIANO MITTE;30,60;;EUR
B00126;ADOBE SYSTEMS SOFTWARE;22.04.2025;Kartenzahlung;ADOBE CREATIVE CLOUD ABO;23,79;;EUR
B00127;ALDI SÜD;22.04.2025;Kartenzahlung;ALDI SUED SAGT DANKE;49,30;;EUR
B00128;LIDL Vertriebs GmbH;23.04.2025;Kartenzahlung;LIDL DANKT IHNEN;31,20;;EUR
B00129;NETTO MARKEN-DISCOUNT;24.04.2025;Kartenzahlung;NETTO FILIALE 3312;10,10;;EUR
B00130;BVG Berliner Verkehrsbetriebe;25.04.2025;Folgelastschrift;DEUTSCHLANDTICKET 04/2025;49,00;;EUR
B00131;DEAN AND DAVID;26.04.2025;Kartenzahlung;DEAN+DAVID 1188;17,70;;EUR
B00132;NETTO MARKEN-DISCOUNT;26.04.2025;Kartenzahlung;NETTO FILIALE 3312;17,10;;EUR
B00133;Sparkasse Geldautomat;26.04.2025;Bargeldauszahlung;GA NR00012345 BLZ12030000 01.04/BERLIN;100,00;;EUR
B00134;LIDL Vertriebs GmbH;27.04.2025;Kartenzahlung;LIDL DANKT IHNEN;14,10;;EUR
B00135;Sparkasse Geldautomat;27.04.2025;Bargeldauszahlung;GA NR00012345 BLZ12030000 01.04/BERLIN;50,00;;EUR
B00136;dm drogerie markt;27.04.2025;Kartenzahlung;DM FIL 8817 BERLIN;21,00;;EUR
B00137;KAUFLAND BERLIN;28.04.2025;Kartenzahlung;KAUFLAND 4711 BERLIN;76,20;;EUR
B00138;Mustermann Systems GmbH;28.04.2025;Lohn  Gehalt;GEHALT 04/2025 PERS.NR 4711;;2.850,00;EUR
B00139;AMAZON EU S.A R.L.;01.05.2025;Kartenzahlung;AMZN Mktp DE 822076;15,70;;EUR
B00140;Fitness First Germany;01.05.2025;Folgelastschrift;MITGLIEDSBEITRAG 05/2025;39,90;;EUR
B00141;Hausverwaltung Bergmann GmbH;01.05.2025;Dauerauftrag;MIETE WOHNUNG 12 05/2025;1.150,00;;EUR
B00142;LIDL Vertriebs GmbH;01.05.2025;Kartenzahlung;LIDL DANKT IHNEN;20,40;;EUR
B00143;Allianz Versicherungs-AG;02.05.2025;Folgelastschrift;HAUSRAT UND HAFTPFLICHT 05/2025;42,50;;EUR
B00144;PayPal Europe S.a.r.l.;02.05.2025;Online-Ueberweisung;PP.4711.PP . JONAS KELLER, Ihre Zahlung;32,50;;EUR
B00145;Deutsche Bahn AG;05.05.2025;Kartenzahlung;DB FERNVERKEHR TICKET;50,10;;EUR
B00146;Telekom Deutschland GmbH;05.05.2025;Folgelastschrift;MAGENTA ZUHAUSE 100 MBIT;39,99;;EUR
B00147;ALDI SÜD;07.05.2025;Kartenzahlung;ALDI SUED SAGT DANKE;13,80;;EUR
B00148;NETFLIX INTERNATIONAL BV;07.05.2025;Folgelastschrift;NETFLIX STANDARD ABO;12,99;;EUR
B00149;ROSSMANN Drogeriemarkt;08.05.2025;Kartenzahlung;ROSSMANN DROGERIEMARKT BERLIN;18,92;;EUR
B00150;Vodafone GmbH;08.05.2025;Folgelastschrift;MOBILFUNK RECHNUNG 05/2025;19,99;;EUR
B00151;dm drogerie markt;08.05.2025;Kartenzahlung;DM FIL 8817 BERLIN;30,80;;EUR
B00152;ALDI SÜD;09.05.2025;Kartenzahlung;ALDI SUED SAGT DANKE;52,50;;EUR
B00153;Lieferando.de;09.05.2025;Kartenzahlung;LIEFERANDO BESTELLUNG;31,20;;EUR
B00154;Bäckerei Steinecke;10.05.2025;Kartenzahlung;BAECKEREI STEINECKE;11,40;;EUR
B00155;NETTO MARKEN-DISCOUNT;11.05.2025;Kartenzahlung;NETTO FILIALE 3312;23,10;;EUR
B00156;SPOTIFY AB;11.05.2025;Folgelastschrift;SPOTIFY PREMIUM;10,99;;EUR
B00157;DEAN AND DAVID;13.05.2025;Kartenzahlung;DEAN+DAVID 1188;15,40;;EUR
B00158;NETTO MARKEN-DISCOUNT;14.05.2025;Kartenzahlung;NETTO FILIALE 3312;15,00;;EUR
B00159;REWE Markt GmbH;15.05.2025;Kartenzahlung;REWE SAGT DANKE. BIS BALD;65,80;;EUR
B00160;Vattenfall Europe Sales GmbH;15.05.2025;Folgelastschrift;STROM ABSCHLAG 05/2025;78,00;;EUR
B00161;ALDI SÜD;19.05.2025;Kartenzahlung;ALDI SUED SAGT DANKE;52,10;;EUR
B00162;AMAZON PRIME MEMBERSHIP;19.05.2025;Kartenzahlung;AMZN PRIME DE MITGLIEDSCHAFT;8,99;;EUR
B00163;EDEKA Sander;20.05.2025;Kartenzahlung;EDEKA SAGT DANKE;14,80;;EUR
B00164;ADOBE SYSTEMS SOFTWARE;22.05.2025;Kartenzahlung;ADOBE CREATIVE CLOUD ABO;23,79;;EUR
B00165;Döner Haus Kreuzberg;22.05.2025;Kartenzahlung;DOENER HAUS;13,10;;EUR
B00166;Bäckerei Steinecke;23.05.2025;Kartenzahlung;BAECKEREI STEINECKE;6,80;;EUR
B00167;REWE Markt GmbH;23.05.2025;Kartenzahlung;REWE SAGT DANKE. BIS BALD;70,70;;EUR
B00168;UBER BV;23.05.2025;Kartenzahlung;UBER TRIP HELP.UBER.COM;19,30;;EUR
B00169;DEAN AND DAVID;24.05.2025;Kartenzahlung;DEAN+DAVID 1188;17,70;;EUR
B00170;DEAN AND DAVID;24.05.2025;Kartenzahlung;DEAN+DAVID 1188;14,20;;EUR
B00171;BVG Berliner Verkehrsbetriebe;25.05.2025;Folgelastschrift;DEUTSCHLANDTICKET 05/2025;49,00;;EUR
B00172;PayPal Europe S.a.r.l.;25.05.2025;Online-Ueberweisung;PP.4711.PP . LEA HOFFMANN, Ihre Zahlung;21,50;;EUR
B00173;AMAZON EU S.A R.L.;26.05.2025;Kartenzahlung;AMZN Mktp DE 796951;50,10;;EUR
B00174;DEAN AND DAVID;26.05.2025;Kartenzahlung;DEAN+DAVID 1188;12,80;;EUR
B00175;Mustermann Systems GmbH;28.05.2025;Lohn  Gehalt;GEHALT 05/2025 PERS.NR 4711;;2.850,00;EUR
B00176;REWE Markt GmbH;28.05.2025;Kartenzahlung;REWE SAGT DANKE. BIS BALD;44,60;;EUR
B00177;Sparkasse Geldautomat;28.05.2025;Bargeldauszahlung;GA NR00012345 BLZ12030000 01.05/BERLIN;100,00;;EUR
B00178;Deutsche Bahn AG;01.06.2025;Kartenzahlung;DB FERNVERKEHR TICKET;35,20;;EUR
B00179;Fitness First Germany;01.06.2025;Folgelastschrift;MITGLIEDSBEITRAG 06/2025;39,90;;EUR
B00180;Hausverwaltung Bergmann GmbH;01.06.2025;Dauerauftrag;MIETE WOHNUNG 12 06/2025;1.150,00;;EUR
B00181;Lieferando.de;01.06.2025;Kartenzahlung;LIEFERANDO BESTELLUNG;23,00;;EUR
B00182;Allianz Versicherungs-AG;02.06.2025;Folgelastschrift;HAUSRAT UND HAFTPFLICHT 06/2025;42,50;;EUR
B00183;AMAZON EU S.A R.L.;03.06.2025;Kartenzahlung;AMZN Mktp DE 817718;43,20;;EUR
B00184;VAPIANO Berlin Mitte;03.06.2025;Kartenzahlung;VAPIANO MITTE;32,40;;EUR
B00185;EDEKA Sander;04.06.2025;Kartenzahlung;EDEKA SAGT DANKE;30,80;;EUR
B00186;Telekom Deutschland GmbH;05.06.2025;Folgelastschrift;MAGENTA ZUHAUSE 100 MBIT;39,99;;EUR
B00187;NETFLIX INTERNATIONAL BV;07.06.2025;Folgelastschrift;NETFLIX STANDARD ABO;12,99;;EUR
B00188;Vodafone GmbH;08.06.2025;Folgelastschrift;MOBILFUNK RECHNUNG 06/2025;19,99;;EUR
B00189;ALDI SÜD;09.06.2025;Kartenzahlung;ALDI SUED SAGT DANKE;38,30;;EUR
B00190;SPOTIFY AB;11.06.2025;Folgelastschrift;SPOTIFY PREMIUM;10,99;;EUR
B00191;Apotheke am Markt;12.06.2025;Kartenzahlung;APOTHEKE AM MARKT;23,40;;EUR
B00192;AMAZON EU S.A R.L.;14.06.2025;Kartenzahlung;AMZN Mktp DE 500043;15,20;;EUR
B00193;Vattenfall Europe Sales GmbH;15.06.2025;Folgelastschrift;STROM ABSCHLAG 06/2025;78,00;;EUR
B00194;dm drogerie markt;15.06.2025;Kartenzahlung;DM FIL 8817 BERLIN;27,80;;EUR
B00195;KAUFLAND BERLIN;16.06.2025;Kartenzahlung;KAUFLAND 4711 BERLIN;44,30;;EUR
B00196;NETTO MARKEN-DISCOUNT;16.06.2025;Kartenzahlung;NETTO FILIALE 3312;36,30;;EUR
B00197;PayPal Europe S.a.r.l.;16.06.2025;Online-Ueberweisung;PP.4711.PP . MAX SCHULZ, Ihre Zahlung;18,00;;EUR
B00198;PayPal Europe S.a.r.l.;16.06.2025;Online-Ueberweisung;PP.4711.PP . MAX SCHULZ, Ihre Zahlung;17,00;;EUR
B00199;AMAZON EU S.A R.L.;17.06.2025;Kartenzahlung;AMZN Mktp DE 315587;121,50;;EUR
B00200;dm drogerie markt;17.06.2025;Kartenzahlung;DM FIL 8817 BERLIN;21,60;;EUR
B00201;Cafe Milchbart;18.06.2025;Kartenzahlung;CAFE MILCHBART;11,80;;EUR
B00202;AMAZON PRIME MEMBERSHIP;19.06.2025;Kartenzahlung;AMZN PRIME DE MITGLIEDSCHAFT;8,99;;EUR
B00203;ALDI SÜD;20.06.2025;Kartenzahlung;ALDI SUED SAGT DANKE;31,70;;EUR
B00204;dm drogerie markt;21.06.2025;Kartenzahlung;DM FIL 8817 BERLIN;36,50;;EUR
B00205;ADOBE SYSTEMS SOFTWARE;22.06.2025;Kartenzahlung;ADOBE CREATIVE CLOUD ABO;23,79;;EUR
B00206;dm drogerie markt;23.06.2025;Kartenzahlung;DM FIL 8817 BERLIN;29,20;;EUR
B00207;BVG Berliner Verkehrsbetriebe;25.06.2025;Folgelastschrift;DEUTSCHLANDTICKET 06/2025;49,00;;EUR
B00208;Sparkasse Geldautomat;25.06.2025;Bargeldauszahlung;GA NR00012345 BLZ12030000 01.06/BERLIN;100,00;;EUR
B00209;KAUFLAND BERLIN;26.06.2025;Kartenzahlung;KAUFLAND 4711 BERLIN;87,70;;EUR
B00210;Mustermann Systems GmbH;28.06.2025;Lohn  Gehalt;GEHALT 06/2025 PERS.NR 4711;;2.850,00;EUR
B00211;Fitness First Germany;01.07.2025;Folgelastschrift;MITGLIEDSBEITRAG 07/2025;39,90;;EUR
B00212;Hausverwaltung Bergmann GmbH;01.07.2025;Dauerauftrag;MIETE WOHNUNG 12 07/2025;1.150,00;;EUR
B00213;REWE Markt GmbH;01.07.2025;Kartenzahlung;REWE SAGT DANKE. BIS BALD;67,80;;EUR
B00214;Allianz Versicherungs-AG;02.07.2025;Folgelastschrift;HAUSRAT UND HAFTPFLICHT 07/2025;42,50;;EUR
B00215;Sparkasse Geldautomat;04.07.2025;Bargeldauszahlung;GA NR00012345 BLZ12030000 01.07/BERLIN;200,00;;EUR
B00216;LIDL Vertriebs GmbH;05.07.2025;Kartenzahlung;LIDL DANKT IHNEN;14,80;;EUR
B00217;Telekom Deutschland GmbH;05.07.2025;Folgelastschrift;MAGENTA ZUHAUSE 100 MBIT;39,99;;EUR
B00218;ALDI SÜD;06.07.2025;Kartenzahlung;ALDI SUED SAGT DANKE;30,40;;EUR
B00219;Bäckerei Steinecke;07.07.2025;Kartenzahlung;BAECKEREI STEINECKE;5,60;;EUR
B00220;Bäckerei Steinecke;07.07.2025;Kartenzahlung;BAECKEREI STEINECKE;9,00;;EUR
B00221;NETFLIX INTERNATIONAL BV;07.07.2025;Folgelastschrift;NETFLIX STANDARD ABO;12,99;;EUR
B00222;Vodafone GmbH;08.07.2025;Folgelastschrift;MOBILFUNK RECHNUNG 07/2025;19,99;;EUR
B00223;AMAZON EU S.A R.L.;09.07.2025;Kartenzahlung;AMZN Mktp DE 489728;117,60;;EUR
B00224;NETTO MARKEN-DISCOUNT;09.07.2025;Kartenzahlung;NETTO FILIALE 3312;34,30;;EUR
B00225;VAPIANO Berlin Mitte;10.07.2025;Kartenzahlung;VAPIANO MITTE;31,00;;EUR
B00226;SPOTIFY AB;11.07.2025;Folgelastschrift;SPOTIFY PREMIUM;10,99;;EUR
B00227;AMAZON EU S.A R.L.;12.07.2025;Kartenzahlung;AMZN Mktp DE 242936;42,50;;EUR
B00228;PayPal Europe S.a.r.l.;12.07.2025;Online-Ueberweisung;PP.4711.PP . LEA HOFFMANN, Ihre Zahlung;23,50;;EUR
B00229;SHELL DEUTSCHLAND;12.07.2025;Kartenzahlung;SHELL STATION 1204;75,00;;EUR
B00230;KAUFLAND BERLIN;13.07.2025;Kartenzahlung;KAUFLAND 4711 BERLIN;76,40;;EUR
B00231;Bäckerei Steinecke;14.07.2025;Kartenzahlung;BAECKEREI STEINECKE;7,40;;EUR
B00232;Lieferando.de;14.07.2025;Kartenzahlung;LIEFERANDO BESTELLUNG;40,40;;EUR
B00233;LIDL Vertriebs GmbH;15.07.2025;Kartenzahlung;LIDL DANKT IHNEN;53,00;;EUR
B00234;Vattenfall Europe Sales GmbH;15.07.2025;Folgelastschrift;STROM ABSCHLAG 07/2025;78,00;;EUR
B00235;Deutsche Bahn AG;16.07.2025;Kartenzahlung;DB FERNVERKEHR TICKET;26,60;;EUR
B00236;Döner Haus Kreuzberg;17.07.2025;Kartenzahlung;DOENER HAUS;11,30;;EUR
B00237;DEAN AND DAVID;18.07.2025;Kartenzahlung;DEAN+DAVID 1188;11,00;;EUR
B00238;AMAZON PRIME MEMBERSHIP;19.07.2025;Kartenzahlung;AMZN PRIME DE MITGLIEDSCHAFT;8,99;;EUR
B00239;OBI Baumarkt;19.07.2025;Kartenzahlung;OBI BAUMARKT BERLIN;41,76;;EUR
B00240;Sparkasse Geldautomat;21.07.2025;Bargeldauszahlung;GA NR00012345 BLZ12030000 01.07/BERLIN;200,00;;EUR
B00241;ADOBE SYSTEMS SOFTWARE;22.07.2025;Kartenzahlung;ADOBE CREATIVE CLOUD ABO;23,79;;EUR
B00242;PayPal Europe S.a.r.l.;24.07.2025;Online-Ueberweisung;PP.4711.PP . MAX SCHULZ, Ihre Zahlung;13,00;;EUR
B00243;REWE Markt GmbH;24.07.2025;Kartenzahlung;REWE SAGT DANKE. BIS BALD;52,90;;EUR
B00244;BVG Berliner Verkehrsbetriebe;25.07.2025;Folgelastschrift;DEUTSCHLANDTICKET 07/2025;49,00;;EUR
B00245;VAPIANO Berlin Mitte;25.07.2025;Kartenzahlung;VAPIANO MITTE;14,10;;EUR
B00246;DEAN AND DAVID;26.07.2025;Kartenzahlung;DEAN+DAVID 1188;9,00;;EUR
B00247;PayPal Europe S.a.r.l.;26.07.2025;Online-Ueberweisung;PP.4711.PP . ANNA WEBER, Ihre Zahlung;21,50;;EUR
B00248;REWE Markt GmbH;27.07.2025;Kartenzahlung;REWE SAGT DANKE. BIS BALD;19,40;;EUR
B00249;EDEKA Sander;28.07.2025;Kartenzahlung;EDEKA SAGT DANKE;35,40;;EUR
B00250;Mustermann Systems GmbH;28.07.2025;Lohn  Gehalt;GEHALT 07/2025 PERS.NR 4711;;2.850,00;EUR
B00251;Fitness First Germany;01.08.2025;Folgelastschrift;MITGLIEDSBEITRAG 08/2025;39,90;;EUR
B00252;Hausverwaltung Bergmann GmbH;01.08.2025;Dauerauftrag;MIETE WOHNUNG 12 08/2025;1.150,00;;EUR
B00253;UBER BV;01.08.2025;Kartenzahlung;UBER TRIP HELP.UBER.COM;16,00;;EUR
B00254;ALDI SÜD;02.08.2025;Kartenzahlung;ALDI SUED SAGT DANKE;24,80;;EUR
B00255;Allianz Versicherungs-AG;02.08.2025;Folgelastschrift;HAUSRAT UND HAFTPFLICHT 08/2025;42,50;;EUR
B00256;KAUFLAND BERLIN;04.08.2025;Kartenzahlung;KAUFLAND 4711 BERLIN;31,80;;EUR
B00257;Telekom Deutschland GmbH;05.08.2025;Folgelastschrift;MAGENTA ZUHAUSE 100 MBIT;39,99;;EUR
B00258;NETFLIX INTERNATIONAL BV;07.08.2025;Folgelastschrift;NETFLIX STANDARD ABO;12,99;;EUR
B00259;PayPal Europe S.a.r.l.;07.08.2025;Online-Ueberweisung;PP.4711.PP . ANNA WEBER, Ihre Zahlung;16,00;;EUR
B00260;dm drogerie markt;07.08.2025;Kartenzahlung;DM FIL 8817 BERLIN;33,70;;EUR
B00261;Vodafone GmbH;08.08.2025;Folgelastschrift;MOBILFUNK RECHNUNG 08/2025;19,99;;EUR
B00262;REWE Markt GmbH;09.08.2025;Kartenzahlung;REWE SAGT DANKE. BIS BALD;16,90;;EUR
B00263;KAUFLAND BERLIN;11.08.2025;Kartenzahlung;KAUFLAND 4711 BERLIN;88,20;;EUR
B00264;SPOTIFY AB;11.08.2025;Folgelastschrift;SPOTIFY PREMIUM;10,99;;EUR
B00265;Sparkasse Geldautomat;12.08.2025;Bargeldauszahlung;GA NR00012345 BLZ12030000 01.08/BERLIN;200,00;;EUR
B00266;Bäckerei Steinecke;14.08.2025;Kartenzahlung;BAECKEREI STEINECKE;11,10;;EUR
B00267;EDEKA Sander;14.08.2025;Kartenzahlung;EDEKA SAGT DANKE;27,50;;EUR
B00268;Vattenfall Europe Sales GmbH;15.08.2025;Folgelastschrift;STROM ABSCHLAG 08/2025;78,00;;EUR
B00269;Cafe Milchbart;16.08.2025;Kartenzahlung;CAFE MILCHBART;10,80;;EUR
B00270;DEAN AND DAVID;18.08.2025;Kartenzahlung;DEAN+DAVID 1188;13,30;;EUR
B00271;PayPal Europe S.a.r.l.;18.08.2025;Online-Ueberweisung;PP.4711.PP . ANNA WEBER, Ihre Zahlung;38,00;;EUR
B00272;UBER BV;18.08.2025;Kartenzahlung;UBER TRIP HELP.UBER.COM;24,00;;EUR
B00273;AMAZON PRIME MEMBERSHIP;19.08.2025;Kartenzahlung;AMZN PRIME DE MITGLIEDSCHAFT;8,99;;EUR
B00274;AMAZON EU S.A R.L.;20.08.2025;Kartenzahlung;AMZN Mktp DE 710779;74,80;;EUR
B00275;Deutsche Bahn AG;20.08.2025;Kartenzahlung;DB FERNVERKEHR TICKET;38,30;;EUR
B00276;ALDI SÜD;21.08.2025;Kartenzahlung;ALDI SUED SAGT DANKE;41,40;;EUR
B00277;ADOBE SYSTEMS SOFTWARE;22.08.2025;Kartenzahlung;ADOBE CREATIVE CLOUD ABO;23,79;;EUR
B00278;NETTO MARKEN-DISCOUNT;22.08.2025;Kartenzahlung;NETTO FILIALE 3312;15,90;;EUR
B00279;Bäckerei Steinecke;23.08.2025;Kartenzahlung;BAECKEREI STEINECKE;3,00;;EUR
B00280;Cafe Milchbart;24.08.2025;Kartenzahlung;CAFE MILCHBART;7,60;;EUR
B00281;BVG Berliner Verkehrsbetriebe;25.08.2025;Folgelastschrift;DEUTSCHLANDTICKET 08/2025;49,00;;EUR
B00282;AMAZON EU S.A R.L.;28.08.2025;Kartenzahlung;AMZN Mktp DE 395191;9,60;;EUR
B00283;Mustermann Systems GmbH;28.08.2025;Lohn  Gehalt;GEHALT 08/2025 PERS.NR 4711;;2.850,00;EUR
B00284;PayPal Europe S.a.r.l.;28.08.2025;Online-Ueberweisung;PP.4711.PP . JONAS KELLER, Ihre Zahlung;10,00;;EUR
B00285;Sparkasse Geldautomat;28.08.2025;Bargeldauszahlung;GA NR00012345 BLZ12030000 01.08/BERLIN;50,00;;EUR
B00286;Fitness First Germany;01.09.2025;Folgelastschrift;MITGLIEDSBEITRAG 09/2025;39,90;;EUR
B00287;Hausverwaltung Bergmann GmbH;01.09.2025;Dauerauftrag;MIETE WOHNUNG 12 09/2025;1.150,00;;EUR
B00288;dm drogerie markt;01.09.2025;Kartenzahlung;DM FIL 8817 BERLIN;38,80;;EUR
B00289;Allianz Versicherungs-AG;02.09.2025;Folgelastschrift;HAUSRAT UND HAFTPFLICHT 09/2025;42,50;;EUR
B00290;AMAZON EU S.A R.L.;03.09.2025;Kartenzahlung;AMZN Mktp DE 168881;24,30;;EUR
B00291;ALDI SÜD;04.09.2025;Kartenzahlung;ALDI SUED SAGT DANKE;35,10;;EUR
B00292;AMAZON EU S.A R.L.;04.09.2025;Kartenzahlung;AMZN Mktp DE 453422;12,20;;EUR
B00293;PayPal Europe S.a.r.l.;05.09.2025;Online-Ueberweisung;PP.4711.PP . JONAS KELLER, Ihre Zahlung;36,50;;EUR
B00294;Telekom Deutschland GmbH;05.09.2025;Folgelastschrift;MAGENTA ZUHAUSE 100 MBIT;39,99;;EUR
B00295;HANS IM GLUECK Burgergrill;06.09.2025;Kartenzahlung;HANS IM GLUECK BURGERGRILL BERLIN;25,90;;EUR
B00296;REWE Markt GmbH;06.09.2025;Kartenzahlung;REWE SAGT DANKE. BIS BALD;51,30;;EUR
B00297;Sparkasse Geldautomat;06.09.2025;Bargeldauszahlung;GA NR00012345 BLZ12030000 01.09/BERLIN;200,00;;EUR
B00298;VAPIANO Berlin Mitte;06.09.2025;Kartenzahlung;VAPIANO MITTE;20,60;;EUR
B00299;dm drogerie markt;06.09.2025;Kartenzahlung;DM FIL 8817 BERLIN;28,30;;EUR
B00300;LIDL Vertriebs GmbH;07.09.2025;Kartenzahlung;LIDL DANKT IHNEN;42,50;;EUR
B00301;LIDL Vertriebs GmbH;07.09.2025;Kartenzahlung;LIDL DANKT IHNEN;25,60;;EUR
B00302;Lieferando.de;07.09.2025;Kartenzahlung;LIEFERANDO BESTELLUNG;32,40;;EUR
B00303;NETFLIX INTERNATIONAL BV;07.09.2025;Folgelastschrift;NETFLIX STANDARD ABO;12,99;;EUR
B00304;Vodafone GmbH;08.09.2025;Folgelastschrift;MOBILFUNK RECHNUNG 09/2025;19,99;;EUR
B00305;Lieferando.de;10.09.2025;Kartenzahlung;LIEFERANDO BESTELLUNG;34,40;;EUR
B00306;SPOTIFY AB;11.09.2025;Folgelastschrift;SPOTIFY PREMIUM;10,99;;EUR
B00307;NETTO MARKEN-DISCOUNT;12.09.2025;Kartenzahlung;NETTO FILIALE 3312;22,20;;EUR
B00308;UBER BV;12.09.2025;Kartenzahlung;UBER TRIP HELP.UBER.COM;23,50;;EUR
B00309;dm drogerie markt;12.09.2025;Kartenzahlung;DM FIL 8817 BERLIN;20,60;;EUR
B00310;KAUFLAND BERLIN;14.09.2025;Kartenzahlung;KAUFLAND 4711 BERLIN;44,20;;EUR
B00311;UBER BV;14.09.2025;Kartenzahlung;UBER TRIP HELP.UBER.COM;10,60;;EUR
B00312;KAUFLAND BERLIN;15.09.2025;Kartenzahlung;KAUFLAND 4711 BERLIN;45,60;;EUR
B00313;Vattenfall Europe Sales GmbH;15.09.2025;Folgelastschrift;STROM ABSCHLAG 09/2025;78,00;;EUR
B00314;KAUFLAND BERLIN;16.09.2025;Kartenzahlung;KAUFLAND 4711 BERLIN;85,60;;EUR
B00315;Lieferando.de;16.09.2025;Kartenzahlung;LIEFERANDO BESTELLUNG;16,10;;EUR
B00316;EDEKA Sander;18.09.2025;Kartenzahlung;EDEKA SAGT DANKE;54,10;;EUR
B00317;UBER BV;18.09.2025;Kartenzahlung;UBER TRIP HELP.UBER.COM;13,80;;EUR
B00318;AMAZON PRIME MEMBERSHIP;19.09.2025;Kartenzahlung;AMZN PRIME DE MITGLIEDSCHAFT;8,99;;EUR
B00319;Sparkasse Geldautomat;21.09.2025;Bargeldauszahlung;GA NR00012345 BLZ12030000 01.09/BERLIN;100,00;;EUR
B00320;ADOBE SYSTEMS SOFTWARE;22.09.2025;Kartenzahlung;ADOBE CREATIVE CLOUD ABO;23,79;;EUR
B00321;Cafe Milchbart;22.09.2025;Kartenzahlung;CAFE MILCHBART;5,90;;EUR
B00322;BVG Berliner Verkehrsbetriebe;25.09.2025;Folgelastschrift;DEUTSCHLANDTICKET 09/2025;49,00;;EUR
B00323;LIDL Vertriebs GmbH;28.09.2025;Kartenzahlung;LIDL DANKT IHNEN;26,20;;EUR
B00324;Mustermann Systems GmbH;28.09.2025;Lohn  Gehalt;GEHALT 09/2025 PERS.NR 4711;;2.850,00;EUR
B00325;Döner Haus Kreuzberg;01.10.2025;Kartenzahlung;DOENER HAUS;9,10;;EUR
B00326;Fitness First Germany;01.10.2025;Folgelastschrift;MITGLIEDSBEITRAG 10/2025;39,90;;EUR
B00327;Hausverwaltung Bergmann GmbH;01.10.2025;Dauerauftrag;MIETE WOHNUNG 12 10/2025;1.150,00;;EUR
B00328;Allianz Versicherungs-AG;02.10.2025;Folgelastschrift;HAUSRAT UND HAFTPFLICHT 10/2025;42,50;;EUR
B00329;PayPal Europe S.a.r.l.;02.10.2025;Online-Ueberweisung;PP.4711.PP . JONAS KELLER, Ihre Zahlung;40,00;;EUR
B00330;DEAN AND DAVID;05.10.2025;Kartenzahlung;DEAN+DAVID 1188;12,30;;EUR
B00331;Sparkasse Geldautomat;05.10.2025;Bargeldauszahlung;GA NR00012345 BLZ12030000 01.10/BERLIN;100,00;;EUR
B00332;Telekom Deutschland GmbH;05.10.2025;Folgelastschrift;MAGENTA ZUHAUSE 100 MBIT;39,99;;EUR
B00333;dm drogerie markt;05.10.2025;Kartenzahlung;DM FIL 8817 BERLIN;7,30;;EUR
B00334;ALDI SÜD;06.10.2025;Kartenzahlung;ALDI SUED SAGT DANKE;16,70;;EUR
B00335;NETFLIX INTERNATIONAL BV;07.10.2025;Folgelastschrift;NETFLIX STANDARD ABO;12,99;;EUR
B00336;Vodafone GmbH;08.10.2025;Folgelastschrift;MOBILFUNK RECHNUNG 10/2025;19,99;;EUR
B00337;SPOTIFY AB;11.10.2025;Folgelastschrift;SPOTIFY PREMIUM;10,99;;EUR
B00338;ALDI SÜD;13.10.2025;Kartenzahlung;ALDI SUED SAGT DANKE;44,30;;EUR
B00339;ALDI SÜD;13.10.2025;Kartenzahlung;ALDI SUED SAGT DANKE;11,10;;EUR
B00340;Bäckerei Steinecke;13.10.2025;Kartenzahlung;BAECKEREI STEINECKE;10,10;;EUR
B00341;Deutsche Bahn AG;14.10.2025;Kartenzahlung;DB FERNVERKEHR TICKET;57,10;;EUR
B00342;Vattenfall Europe Sales GmbH;15.10.2025;Folgelastschrift;STROM ABSCHLAG 10/2025;78,00;;EUR
B00343;EDEKA Sander;17.10.2025;Kartenzahlung;EDEKA SAGT DANKE;23,90;;EUR
B00344;PayPal Europe S.a.r.l.;17.10.2025;Online-Ueberweisung;PP.4711.PP . ANNA WEBER, Ihre Zahlung;19,00;;EUR
B00345;REWE Markt GmbH;17.10.2025;Kartenzahlung;REWE SAGT DANKE. BIS BALD;22,60;;EUR
B00346;AMAZON PRIME MEMBERSHIP;19.10.2025;Kartenzahlung;AMZN PRIME DE MITGLIEDSCHAFT;8,99;;EUR
B00347;Döner Haus Kreuzberg;19.10.2025;Kartenzahlung;DOENER HAUS;9,40;;EUR
B00348;LIDL Vertriebs GmbH;19.10.2025;Kartenzahlung;LIDL DANKT IHNEN;55,00;;EUR
B00349;PayPal Europe S.a.r.l.;19.10.2025;Online-Ueberweisung;PP.4711.PP . ANNA WEBER, Ihre Zahlung;14,00;;EUR
B00350;dm drogerie markt;20.10.2025;Kartenzahlung;DM FIL 8817 BERLIN;16,90;;EUR
B00351;ADOBE SYSTEMS SOFTWARE;22.10.2025;Kartenzahlung;ADOBE CREATIVE CLOUD ABO;23,79;;EUR
B00352;REWE Markt GmbH;23.10.2025;Kartenzahlung;REWE SAGT DANKE. BIS BALD;20,00;;EUR
B00353;AMAZON EU S.A R.L.;25.10.2025;Kartenzahlung;AMZN Mktp DE 624531;66,30;;EUR
B00354;BVG Berliner Verkehrsbetriebe;25.10.2025;Folgelastschrift;DEUTSCHLANDTICKET 10/2025;49,00;;EUR
B00355;Bäckerei Steinecke;25.10.2025;Kartenzahlung;BAECKEREI STEINECKE;4,40;;EUR
B00356;NETTO MARKEN-DISCOUNT;26.10.2025;Kartenzahlung;NETTO FILIALE 3312;40,90;;EUR
B00357;Sparkasse Geldautomat;26.10.2025;Bargeldauszahlung;GA NR00012345 BLZ12030000 01.10/BERLIN;100,00;;EUR
B00358;AMAZON EU S.A R.L.;27.10.2025;Kartenzahlung;AMZN Mktp DE 789769;24,40;;EUR
B00359;Mustermann Systems GmbH;28.10.2025;Lohn  Gehalt;GEHALT 10/2025 PERS.NR 4711;;2.850,00;EUR
B00360;Fitness First Germany;01.11.2025;Folgelastschrift;MITGLIEDSBEITRAG 11/2025;39,90;;EUR
B00361;Hausverwaltung Bergmann GmbH;01.11.2025;Dauerauftrag;MIETE WOHNUNG 12 11/2025;1.150,00;;EUR
B00362;Lieferando.de;01.11.2025;Kartenzahlung;LIEFERANDO BESTELLUNG;23,80;;EUR
B00363;PayPal Europe S.a.r.l.;01.11.2025;Online-Ueberweisung;PP.4711.PP . MAX SCHULZ, Ihre Zahlung;34,00;;EUR
B00364;Allianz Versicherungs-AG;02.11.2025;Folgelastschrift;HAUSRAT UND HAFTPFLICHT 11/2025;42,50;;EUR
B00365;Lieferando.de;02.11.2025;Kartenzahlung;LIEFERANDO BESTELLUNG;17,10;;EUR
B00366;NETTO MARKEN-DISCOUNT;02.11.2025;Kartenzahlung;NETTO FILIALE 3312;33,20;;EUR
B00367;ALDI SÜD;04.11.2025;Kartenzahlung;ALDI SUED SAGT DANKE;10,10;;EUR
B00368;KAUFLAND BERLIN;05.11.2025;Kartenzahlung;KAUFLAND 4711 BERLIN;79,70;;EUR
B00369;PayPal Europe S.a.r.l.;05.11.2025;Online-Ueberweisung;PP.4711.PP . LEA HOFFMANN, Ihre Zahlung;28,00;;EUR
B00370;Telekom Deutschland GmbH;05.11.2025;Folgelastschrift;MAGENTA ZUHAUSE 100 MBIT;39,99;;EUR
B00371;Sparkasse Geldautomat;06.11.2025;Bargeldauszahlung;GA NR00012345 BLZ12030000 01.11/BERLIN;100,00;;EUR
B00372;NETFLIX INTERNATIONAL BV;07.11.2025;Folgelastschrift;NETFLIX STANDARD ABO;12,99;;EUR
B00373;Vodafone GmbH;08.11.2025;Folgelastschrift;MOBILFUNK RECHNUNG 11/2025;19,99;;EUR
B00374;Döner Haus Kreuzberg;09.11.2025;Kartenzahlung;DOENER HAUS;5,80;;EUR
B00375;LIDL Vertriebs GmbH;09.11.2025;Kartenzahlung;LIDL DANKT IHNEN;38,70;;EUR
B00376;SPOTIFY AB;11.11.2025;Folgelastschrift;SPOTIFY PREMIUM;10,99;;EUR
B00377;ALDI SÜD;13.11.2025;Kartenzahlung;ALDI SUED SAGT DANKE;12,00;;EUR
B00378;dm drogerie markt;13.11.2025;Kartenzahlung;DM FIL 8817 BERLIN;11,40;;EUR
B00379;Vattenfall Europe Sales GmbH;15.11.2025;Folgelastschrift;STROM ABSCHLAG 11/2025;78,00;;EUR
B00380;KAUFLAND BERLIN;17.11.2025;Kartenzahlung;KAUFLAND 4711 BERLIN;51,70;;EUR
B00381;AMAZON PRIME MEMBERSHIP;19.11.2025;Kartenzahlung;AMZN PRIME DE MITGLIEDSCHAFT;8,99;;EUR
B00382;SHELL DEUTSCHLAND;19.11.2025;Kartenzahlung;SHELL STATION 1204;58,00;;EUR
B00383;Döner Haus Kreuzberg;21.11.2025;Kartenzahlung;DOENER HAUS;8,40;;EUR
B00384;Zahnarztpraxis Dr. Lorenz;21.11.2025;Folgelastschrift;RECHNUNG 2025-8841;189,00;;EUR
B00385;ADOBE SYSTEMS SOFTWARE;22.11.2025;Kartenzahlung;ADOBE CREATIVE CLOUD ABO;23,79;;EUR
B00386;Lieferando.de;22.11.2025;Kartenzahlung;LIEFERANDO BESTELLUNG;27,10;;EUR
B00387;AMAZON EU S.A R.L.;23.11.2025;Kartenzahlung;AMZN Mktp DE 250114;57,20;;EUR
B00388;NETTO MARKEN-DISCOUNT;24.11.2025;Kartenzahlung;NETTO FILIALE 3312;33,10;;EUR
B00389;Sparkasse Geldautomat;24.11.2025;Bargeldauszahlung;GA NR00012345 BLZ12030000 01.11/BERLIN;50,00;;EUR
B00390;BVG Berliner Verkehrsbetriebe;25.11.2025;Folgelastschrift;DEUTSCHLANDTICKET 11/2025;49,00;;EUR
B00391;KAUFLAND BERLIN;25.11.2025;Kartenzahlung;KAUFLAND 4711 BERLIN;18,70;;EUR
B00392;Döner Haus Kreuzberg;27.11.2025;Kartenzahlung;DOENER HAUS;6,10;;EUR
B00393;REWE Markt GmbH;27.11.2025;Kartenzahlung;REWE SAGT DANKE. BIS BALD;50,90;;EUR
B00394;Mustermann Systems GmbH;28.11.2025;Lohn  Gehalt;GEHALT 11/2025 PERS.NR 4711;;2.850,00;EUR
B00395;ALDI SÜD;01.12.2025;Kartenzahlung;ALDI SUED SAGT DANKE;18,10;;EUR
B00396;Cafe Milchbart;01.12.2025;Kartenzahlung;CAFE MILCHBART;9,40;;EUR
B00397;Fitness First Germany;01.12.2025;Folgelastschrift;MITGLIEDSBEITRAG 12/2025;39,90;;EUR
B00398;Hausverwaltung Bergmann GmbH;01.12.2025;Dauerauftrag;MIETE WOHNUNG 12 12/2025;1.150,00;;EUR
B00399;PayPal Europe S.a.r.l.;01.12.2025;Online-Ueberweisung;PP.4711.PP . MAX SCHULZ, Ihre Zahlung;18,00;;EUR
B00400;REWE Markt GmbH;01.12.2025;Kartenzahlung;REWE SAGT DANKE. BIS BALD;61,60;;EUR
B00401;Allianz Versicherungs-AG;02.12.2025;Folgelastschrift;HAUSRAT UND HAFTPFLICHT 12/2025;42,50;;EUR
B00402;DEAN AND DAVID;02.12.2025;Kartenzahlung;DEAN+DAVID 1188;16,10;;EUR
B00403;EDEKA Sander;04.12.2025;Kartenzahlung;EDEKA SAGT DANKE;29,80;;EUR
B00404;Telekom Deutschland GmbH;05.12.2025;Folgelastschrift;MAGENTA ZUHAUSE 100 MBIT;39,99;;EUR
B00405;Sparkasse Geldautomat;06.12.2025;Bargeldauszahlung;GA NR00012345 BLZ12030000 01.12/BERLIN;100,00;;EUR
B00406;VAPIANO Berlin Mitte;06.12.2025;Kartenzahlung;VAPIANO MITTE;27,00;;EUR
B00407;Döner Haus Kreuzberg;07.12.2025;Kartenzahlung;DOENER HAUS;7,10;;EUR
B00408;LIDL Vertriebs GmbH;07.12.2025;Kartenzahlung;LIDL DANKT IHNEN;42,10;;EUR
B00409;Lieferando.de;07.12.2025;Kartenzahlung;LIEFERANDO BESTELLUNG;22,00;;EUR
B00410;NETFLIX INTERNATIONAL BV;07.12.2025;Folgelastschrift;NETFLIX STANDARD ABO;12,99;;EUR
B00411;Vodafone GmbH;08.12.2025;Folgelastschrift;MOBILFUNK RECHNUNG 12/2025;19,99;;EUR
B00412;AMAZON EU S.A R.L.;09.12.2025;Kartenzahlung;AMZN Mktp DE 498689;12,70;;EUR
B00413;LIDL Vertriebs GmbH;09.12.2025;Kartenzahlung;LIDL DANKT IHNEN;37,10;;EUR
B00414;Bäckerei Steinecke;10.12.2025;Kartenzahlung;BAECKEREI STEINECKE;7,20;;EUR
B00415;SHELL DEUTSCHLAND;11.12.2025;Kartenzahlung;SHELL STATION 1204;73,50;;EUR
B00416;SPOTIFY AB;11.12.2025;Folgelastschrift;SPOTIFY PREMIUM;10,99;;EUR
B00417;Bäckerei Steinecke;12.12.2025;Kartenzahlung;BAECKEREI STEINECKE;10,30;;EUR
B00418;Bäckerei Steinecke;14.12.2025;Kartenzahlung;BAECKEREI STEINECKE;10,00;;EUR
B00419;EDEKA Sander;15.12.2025;Kartenzahlung;EDEKA SAGT DANKE;18,70;;EUR
B00420;Vattenfall Europe Sales GmbH;15.12.2025;Folgelastschrift;STROM ABSCHLAG 12/2025;78,00;;EUR
B00421;SHELL DEUTSCHLAND;16.12.2025;Kartenzahlung;SHELL STATION 1204;69,70;;EUR
B00422;AMAZON PRIME MEMBERSHIP;19.12.2025;Kartenzahlung;AMZN PRIME DE MITGLIEDSCHAFT;8,99;;EUR
B00423;PayPal Europe S.a.r.l.;20.12.2025;Online-Ueberweisung;PP.4711.PP . LEA HOFFMANN, Ihre Zahlung;39,50;;EUR
B00424;ADOBE SYSTEMS SOFTWARE;22.12.2025;Kartenzahlung;ADOBE CREATIVE CLOUD ABO;23,79;;EUR
B00425;PayPal Europe S.a.r.l.;22.12.2025;Online-Ueberweisung;PP.4711.PP . MAX SCHULZ, Ihre Zahlung;27,00;;EUR
B00426;dm drogerie markt;24.12.2025;Kartenzahlung;DM FIL 8817 BERLIN;13,70;;EUR
B00427;dm drogerie markt;24.12.2025;Kartenzahlung;DM FIL 8817 BERLIN;22,00;;EUR
B00428;BVG Berliner Verkehrsbetriebe;25.12.2025;Folgelastschrift;DEUTSCHLANDTICKET 12/2025;49,00;;EUR
B00429;SHELL DEUTSCHLAND;25.12.2025;Kartenzahlung;SHELL STATION 1204;61,80;;EUR
B00430;Döner Haus Kreuzberg;26.12.2025;Kartenzahlung;DOENER HAUS;5,70;;EUR
B00431;Sparkasse Geldautomat;26.12.2025;Bargeldauszahlung;GA NR00012345 BLZ12030000 01.12/BERLIN;100,00;;EUR
B00432;ALDI SÜD;28.12.2025;Kartenzahlung;ALDI SUED SAGT DANKE;10,10;;EUR
B00433;Mustermann Systems GmbH;28.12.2025;Lohn  Gehalt;GEHALT 12/2025 PERS.NR 4711;;2.850,00;EUR
