"Auftragskonto";"Buchungstag";"Valutadatum";"Buchungstext";"Verwendungszweck";"Glaeubiger ID";"Mandatsreferenz";"Kundenreferenz (End-to-End)";"Sammlerreferenz";"Lastschrift Ursprungsbetrag";"Auslagenersatz Ruecklastschrift";"Beguenstigter/Zahlungspflichtiger";"Kontonummer/IBAN";"BIC (SWIFT-Code)";"Betrag";"Waehrung";"Info"
"DE31440501990002345678";"01.01.2025";"01.01.2025";"KARTENZAHLUNG";"PIZZERIA DA VINCI";"";"";"";"";"";"";"Pizzeria Da Vinci";"";"";"-40,30";"EUR";"Umsatz gebucht"
"DE31440501990002345678";"01.01.2025";"01.01.2025";"DAUERAUFTRAG";"MIETE 01/2025";"";"";"";"";"";"";"Wohnungsgenossenschaft Dortmund-Sued";"";"";"-1.450,00";"EUR";"Umsatz gebucht"
"DE31440501990002345678";"02.01.2025";"02.01.2025";"KARTENZAHLUNG";"KAMPS BACKSTUBE";"";"";"";"";"";"";"Bäckerei Kamps";"";"";"-15,70";"EUR";"Umsatz gebucht"
"DE31440501990002345678";"02.01.2025";"02.01.2025";"KARTENZAHLUNG";"KAMPS BACKSTUBE";"";"";"";"";"";"";"Bäckerei Kamps";"";"";"-4,40";"EUR";"Umsatz gebucht"
"DE31440501990002345678";"02.01.2025";"02.01.2025";"KARTENZAHLUNG";"KAUFLAND 2210 DORTMUND";"";"";"";"";"";"";"KAUFLAND DORTMUND";"";"";"-25,10";"EUR";"Umsatz gebucht"
"DE31440501990002345678";"02.01.2025";"02.01.2025";"FOLGELASTSCHRIFT";"KITA BEITRAG 01/2025";"";"";"";"";"";"";"Stadt Dortmund Elternbeitrag";"";"";"-250,00";"EUR";"Umsatz gebucht"
"DE31440501990002345678";"03.01.2025";"03.01.2025";"FOLGELASTSCHRIFT";"STROM ABSCHLAG 01/2025";"";"";"";"";"";"";"Stadtwerke Dortmund AG";"";"";"-89,00";"EUR";"Umsatz gebucht"
"DE31440501990002345678";"04.01.2025";"04.01.2025";"KARTENZAHLUNG";"ARAL STATION 4471";"";"";"";"";"";"";"ARAL Tankstelle";"";"";"-63,80";"EUR";"Umsatz gebucht"
"DE31440501990002345678";"04.01.2025";"04.01.2025";"FOLGELASTSCHRIFT";"MAGENTA ZUHAUSE XL";"";"";"";"";"";"";"Telekom Deutschland GmbH";"";"";"-49,99";"EUR";"Umsatz gebucht"
"DE31440501990002345678";"05.01.2025";"05.01.2025";"KARTENZAHLUNG";"APOTHEKE WESTENHELLWEG";"";"";"";"";"";"";"Apotheke am Westenhellweg";"";"";"-15,90";"EUR";"Umsatz gebucht"
"DE31440501990002345678";"06.01.2025";"06.01.2025";"KARTENZAHLUNG";"EDEKA SAGT DANKE";"";"";"";"";"";"";"EDEKA Sander";"";"";"-61,20";"EUR";"Umsatz gebucht"
"DE31440501990002345678";"06.01.2025";"06.01.2025";"FOLGELASTSCHRIFT";"MOBILFUNK FAMILIE 01/2025";"";"";"";"";"";"";"Vodafone GmbH";"";"";"-17,99";"EUR";"Umsatz gebucht"
"DE31440501990002345678";"07.01.2025";"07.01.2025";"KARTENZAHLUNG";"DISNEY PLUS STANDARD";"";"";"";"";"";"";"DISNEY PLUS";"";"";"-8,99";"EUR";"Umsatz gebucht"
"DE31440501990002345678";"07.01.2025";"07.01.2025";"KARTENZAHLUNG";"ZALANDO BESTELLUNG";"";"";"";"";"";"";"Zalando SE";"";"";"-89,80";"EUR";"Umsatz gebucht"
"DE31440501990002345678";"08.01.2025";"08.01.2025";"FOLGELASTSCHRIFT";"SPOTIFY FAMILY";"";"";"";"";"";"";"SPOTIFY AB";"";"";"-17,99";"EUR";"Umsatz gebucht"
"DE31440501990002345678";"09.01.2025";"09.01.2025";"KARTENZAHLUNG";"AMZN PRIME DE MITGLIEDSCHAFT";"";"";"";"";"";"";"AMAZON PRIME MEMBERSHIP";"";"";"-8,99";"EUR";"Umsatz gebucht"
"DE31440501990002345678";"09.01.2025";"09.01.2025";"KARTENZAHLUNG";"KAMPS BACKSTUBE";"";"";"";"";"";"";"Bäckerei Kamps";"";"";"-15,10";"EUR";"Umsatz gebucht"
"DE31440501990002345678";"09.01.2025";"09.01.2025";"KARTENZAHLUNG";"KAMPS BACKSTUBE";"";"";"";"";"";"";"Bäckerei Kamps";"";"";"-14,30";"EUR";"Umsatz gebucht"
"DE31440501990002345678";"09.01.2025";"09.01.2025";"KARTENZAHLUNG";"EDEKA SAGT DANKE";"";"";"";"";"";"";"EDEKA Sander";"";"";"-41,90";"EUR";"Umsatz gebucht"
"DE31440501990002345678";"10.01.2025";"10.01.2025";"KARTENZAHLUNG";"APOTHEKE WESTENHELLWEG";"";"";"";"";"";"";"Apotheke am Westenhellweg";"";"";"-12,30";"EUR";"Umsatz gebucht"
"DE31440501990002345678";"10.01.2025";"10.01.2025";"KARTENZAHLUNG";"MCDONALDS 4471 DORTMUND";"";"";"";"";"";"";"MCDONALDS DEUTSCHLAND";"";"";"-19,30";"EUR";"Umsatz gebucht"
"DE31440501990002345678";"11.01.2025";"11.01.2025";"KARTENZAHLUNG";"ARAL STATION 4471";"";"";"";"";"";"";"ARAL Tankstelle";"";"";"-87,30";"EUR";"Umsatz gebucht"
"DE31440501990002345678";"11.01.2025";"11.01.2025";"KARTENZAHLUNG";"ARAL STATION 4471";"";"";"";"";"";"";"ARAL Tankstelle";"";"";"-73,50";"EUR";"Umsatz gebucht"
"DE31440501990002345678";"12.01.2025";"12.01.2025";"FOLGELASTSCHRIFT";"HAUSRAT HAFTPFLICHT UNFALL";"";"";"";"";"";"";"Allianz Versicherungs-AG";"";"";"-68,00";"EUR";"Umsatz gebucht"
"DE31440501990002345678";"13.01.2025";"13.01.2025";"KARTENZAHLUNG";"DECATHLON DORTMUND";"";"";"";"";"";"";"Decathlon Deutschland";"";"";"-76,00";"EUR";"Umsatz gebucht"
"DE31440501990002345678";"14.01.2025";"14.01.2025";"FOLGELASTSCHRIFT";"ZUSATZBEITRAG 01/2025";"";"";"";"";"";"";"Techniker Krankenkasse";"";"";"-220,00";"EUR";"Umsatz gebucht"
"DE31440501990002345678";"15.01.2025";"15.01.2025";"GUTSCHRIFT";"KINDERGELD 01/2025";"";"";"";"";"";"";"Familienkasse Nordrhein-Westfalen";"";"";"500,00";"EUR";"Umsatz gebucht"
"DE31440501990002345678";"15.01.2025";"15.01.2025";"KARTENZAHLUNG";"KAUFLAND 2210 DORTMUND";"";"";"";"";"";"";"KAUFLAND DORTMUND";"";"";"-101,50";"EUR";"Umsatz gebucht"
"DE31440501990002345678";"16.01.2025";"16.01.2025";"KARTENZAHLUNG";"AMZN Mktp DE 118902";"";"";"";"";"";"";"AMAZON EU S.A R.L.";"";"";"-80,40";"EUR";"Umsatz gebucht"
"DE31440501990002345678";"16.01.2025";"16.01.2025";"KARTENZAHLUNG";"BURGER KING 2201";"";"";"";"";"";"";"BURGER KING";"";"";"-13,10";"EUR";"Umsatz gebucht"
"DE31440501990002345678";"16.01.2025";"16.01.2025";"LOHN  GEHALT";"GEHALT 01/2025 PERS.NR 8812";"";"";"";"";"";"";"Hoesch Werkstoffe Personal";"";"";"2.320,00";"EUR";"Umsatz gebucht"
"DE31440501990002345678";"17.01.2025";"17.01.2025";"KARTENZAHLUNG";"ROSSMANN FIL 1104";"";"";"";"";"";"";"Rossmann Drogeriemarkt";"";"";"-44,60";"EUR";"Umsatz gebucht"
"DE31440501990002345678";"20.01.2025";"20.01.2025";"KARTENZAHLUNG";"KAMPS BACKSTUBE";"";"";"";"";"";"";"Bäckerei Kamps";"";"";"-9,50";"EUR";"Umsatz gebucht"
"DE31440501990002345678";"23.01.2025";"23.01.2025";"KARTENZAHLUNG";"EDEKA SAGT DANKE";"";"";"";"";"";"";"EDEKA Sander";"";"";"-83,20";"EUR";"Umsatz gebucht"
"DE31440501990002345678";"24.01.2025";"24.01.2025";"KARTENZAHLUNG";"ALDI SUED SAGT DANKE";"";"";"";"";"";"";"ALDI SÜD";"";"";"-37,20";"EUR";"Umsatz gebucht"
"DE31440501990002345678";"25.01.2025";"25.01.2025";"FOLGELASTSCHRIFT";"DEUTSCHLANDTICKET 2 PERSONEN 01/2025";"";"";"";"";"";"";"Deutsche Bahn AG";"";"";"-98,00";"EUR";"Umsatz gebucht"
"DE31440501990002345678";"25.01.2025";"25.01.2025";"KARTENZAHLUNG";"PIZZERIA DA VINCI";"";"";"";"";"";"";"Pizzeria Da Vinci";"";"";"-44,90";"EUR";"Umsatz gebucht"
"DE31440501990002345678";"25.01.2025";"25.01.2025";"KARTENZAHLUNG";"REWE SAGT DANKE. BIS BALD";"";"";"";"";"";"";"REWE Markt GmbH";"";"";"-86,80";"EUR";"Umsatz gebucht"
"DE31440501990002345678";"26.01.2025";"26.01.2025";"KARTENZAHLUNG";"KAUFLAND 2210 DORTMUND";"";"";"";"";"";"";"KAUFLAND DORTMUND";"";"";"-37,00";"EUR";"Umsatz gebucht"
"DE31440501990002345678";"27.01.2025";"27.01.2025";"BARGELDAUSZAHLUNG";"GA NR00012345 AUSZAHLUNG";"";"";"";"";"";"";"Sparkasse Geldautomat";"";"";"-86,50";"EUR";"Umsatz gebucht"
"DE31440501990002345678";"28.01.2025";"28.01.2025";"LOHN  GEHALT";"GEHALT 01/2025 PERS.NR 3390";"";"";"";"";"";"";"Klinikum Dortmund gGmbH";"";"";"2.680,00";"EUR";"Umsatz gebucht"
"DE31440501990002345678";"01.02.2025";"01.02.2025";"KARTENZAHLUNG";"EDEKA SAGT DANKE";"";"";"";"";"";"";"EDEKA Sander";"";"";"-59,40";"EUR";"Umsatz gebucht"
"DE31440501990002345678";"01.02.2025";"01.02.2025";"DAUERAUFTRAG";"MIETE 02/2025";"";"";"";"";"";"";"Wohnungsgenossenschaft Dortmund-Sued";"";"";"-1.450,00";"EUR";"Umsatz gebucht"
"DE31440501990002345678";"02.02.2025";"02.02.2025";"KARTENZAHLUNG";"AMZN Mktp DE 118902";"";"";"";"";"";"";"AMAZON EU S.A R.L.";"";"";"-47,60";"EUR";"Umsatz gebucht"
"DE31440501990002345678";"02.02.2025";"02.02.2025";"KARTENZAHLUNG";"KAUFLAND 2210 DORTMUND";"";"";"";"";"";"";"KAUFLAND DORTMUND";"";"";"-73,00";"EUR";"Umsatz gebucht"
"DE31440501990002345678";"02.02.2025";"02.02.2025";"KARTENZAHLUNG";"REWE SAGT DANKE. BIS BALD";"";"";"";"";"";"";"REWE Markt GmbH";"";"";"-82,40";"EUR";"Umsatz gebucht"
"DE31440501990002345678";"02.02.2025";"02.02.2025";"KARTENZAHLUNG";"ROSSMANN FIL 1104";"";"";"";"";"";"";"Rossmann Drogeriemarkt";"";"";"-39,80";"EUR";"Umsatz gebucht"
"DE31440501990002345678";"02.02.2025";"02.02.2025";"FOLGELASTSCHRIFT";"KITA BEITRAG 02/2025";"";"";"";"";"";"";"Stadt Dortmund Elternbeitrag";"";"";"-250,00";"EUR";"Umsatz gebucht"
"DE31440501990002345678";"03.02.2025";"03.02.2025";"FOLGELASTSCHRIFT";"STROM ABSCHLAG 02/2025";"";"";"";"";"";"";"Stadtwerke Dortmund AG";"";"";"-89,00";"EUR";"Umsatz gebucht"
"DE31440501990002345678";"04.02.2025";"04.02.2025";"KARTENZAHLUNG";"ARAL STATION 4471";"";"";"";"";"";"";"ARAL Tankstelle";"";"";"-73,10";"EUR";"Umsatz gebucht"
"DE31440501990002345678";"04.02.2025";"04.02.2025";"FOLGELASTSCHRIFT";"MAGENTA ZUHAUSE XL";"";"";"";"";"";"";"Telekom Deutschland GmbH";"";"";"-49,99";"EUR";"Umsatz gebucht"
"DE31440501990002345678";"05.02.2025";"05.02.2025";"KARTENZAHLUNG";"ARAL STATION 4471";"";"";"";"";"";"";"ARAL Tankstelle";"";"";"-79,80";"EUR";"Umsatz gebucht"
"DE31440501990002345678";"06.02.2025";"06.02.2025";"FOLGELASTSCHRIFT";"MOBILFUNK FAMILIE 02/2025";"";"";"";"";"";"";"Vodafone GmbH";"";"";"-17,99";"EUR";"Umsatz gebucht"
"DE31440501990002345678";"07.02.2025";"07.02.2025";"KARTENZAHLUNG";"DISNEY PLUS STANDARD";"";"";"";"";"";"";"DISNEY PLUS";"";"";"-8,99";"EUR";"Umsatz gebucht"
"DE31440501990002345678";"07.02.2025";"07.02.2025";"KARTENZAHLUNG";"KAUFLAND 2210 DORTMUND";"";"";"";"";"";"";"KAUFLAND DORTMUND";"";"";"-94,40";"EUR";"Umsatz gebucht"
"DE31440501990002345678";"08.02.2025";"08.02.2025";"FOLGELASTSCHRIFT";"SPOTIFY FAMILY";"";"";"";"";"";"";"SPOTIFY AB";"";"";"-17,99";"EUR";"Umsatz gebucht"
"DE31440501990002345678";"09.02.2025";"09.02.2025";"KARTENZAHLUNG";"ALDI SUED SAGT DANKE";"";"";"";"";"";"";"ALDI SÜD";"";"";"-69,60";"EUR";"Umsatz gebucht"
"DE31440501990002345678";"09.02.2025";"09.02.2025";"KARTENZAHLUNG";"AMZN Mktp DE 118902";"";"";"";"";"";"";"AMAZON EU S.A R.L.";"";"";"-35,90";"EUR";"Umsatz gebucht"
"DE31440501990002345678";"09.02.2025";"09.02.2025";"KARTENZAHLUNG";"AMZN PRIME DE MITGLIEDSCHAFT";"";"";"";"";"";"";"AMAZON PRIME MEMBERSHIP";"";"";"-8,99";"EUR";"Umsatz gebucht"
"DE31440501990002345678";"11.02.2025";"11.02.2025";"KARTENZAHLUNG";"ALDI SUED SAGT DANKE";"";"";"";"";"";"";"ALDI SÜD";"";"";"-31,80";"EUR";"Umsatz gebucht"
"DE31440501990002345678";"12.02.2025";"12.02.2025";"FOLGELASTSCHRIFT";"HAUSRAT HAFTPFLICHT UNFALL";"";"";"";"";"";"";"Allianz Versicherungs-AG";"";"";"-68,00";"EUR";"Umsatz gebucht"
"DE31440501990002345678";"12.02.2025";"12.02.2025";"KARTENZAHLUNG";"EDEKA SAGT DANKE";"";"";"";"";"";"";"EDEKA Sander";"";"";"-47,20";"EUR";"Umsatz gebucht"
"DE31440501990002345678";"13.02.2025";"13.02.2025";"KARTENZAHLUNG";"BURGER KING 2201";"";"";"";"";"";"";"BURGER KING";"";"";"-31,90";"EUR";"Umsatz gebucht"
"DE31440501990002345678";"14.02.2025";"14.02.2025";"FOLGELASTSCHRIFT";"ZUSATZBEITRAG 02/2025";"";"";"";"";"";"";"Techniker Krankenkasse";"";"";"-220,00";"EUR";"Umsatz gebucht"
"DE31440501990002345678";"15.02.2025";"15.02.2025";"KARTENZAHLUNG";"EDEKA SAGT DANKE";"";"";"";"";"";"";"EDEKA Sander";"";"";"-33,10";"EUR";"Umsatz gebucht"
"DE31440501990002345678";"15.02.2025";"15.02.2025";"GUTSCHRIFT";"KINDERGELD 02/2025";"";"";"";"";"";"";"Familienkasse Nordrhein-Westfalen";"";"";"500,00";"EUR";"Umsatz gebucht"
"DE31440501990002345678";"16.02.2025";"16.02.2025";"LOHN  GEHALT";"GEHALT 02/2025 PERS.NR 8812";"";"";"";"";"";"";"Hoesch Werkstoffe Personal";"";"";"2.320,00";"EUR";"Umsatz gebucht"
"DE31440501990002345678";"16.02.2025";"16.02.2025";"KARTENZAHLUNG";"LIEFERANDO BESTELLUNG";"";"";"";"";"";"";"Lieferando.de";"";"";"-42,90";"EUR";"Umsatz gebucht"
"DE31440501990002345678";"20.02.2025";"20.02.2025";"KARTENZAHLUNG";"EDEKA SAGT DANKE";"";"";"";"";"";"";"EDEKA Sander";"";"";"-88,40";"EUR";"Umsatz gebucht"
"DE31440501990002345678";"20.02.2025";"20.02.2025";"KARTENZAHLUNG";"KAUFLAND 2210 DORTMUND";"";"";"";"";"";"";"KAUFLAND DORTMUND";"";"";"-34,00";"EUR";"Umsatz gebucht"
"DE31440501990002345678";"22.02.2025";"22.02.2025";"KARTENZAHLUNG";"LIEFERANDO BESTELLUNG";"";"";"";"";"";"";"Lieferando.de";"";"";"-37,50";"EUR";"Umsatz gebucht"
"DE31440501990002345678";"23.02.2025";"23.02.2025";"KARTENZAHLUNG";"ALDI SUED SAGT DANKE";"";"";"";"";"";"";"ALDI SÜD";"";"";"-72,40";"EUR";"Umsatz gebucht"
"DE31440501990002345678";"23.02.2025";"23.02.2025";"KARTENZAHLUNG";"KAUFLAND 2210 DORTMUND";"";"";"";"";"";"";"KAUFLAND DORTMUND";"";"";"-106,00";"EUR";"Umsatz gebucht"
"DE31440501990002345678";"24.02.2025";"24.02.2025";"KARTENZAHLUNG";"REWE SAGT DANKE. BIS BALD";"";"";"";"";"";"";"REWE Markt GmbH";"";"";"-53,70";"EUR";"Umsatz gebucht"
"DE31440501990002345678";"25.02.2025";"25.02.2025";"FOLGELASTSCHRIFT";"DEUTSCHLANDTICKET 2 PERSONEN 02/2025";"";"";"";"";"";"";"Deutsche Bahn AG";"";"";"-98,00";"EUR";"Umsatz gebucht"
"DE31440501990002345678";"27.02.2025";"27.02.2025";"BARGELDAUSZAHLUNG";"GA NR00012345 AUSZAHLUNG";"";"";"";"";"";"";"Sparkasse Geldautomat";"";"";"-185,90";"EUR";"Umsatz gebucht"
"DE31440501990002345678";"28.02.2025";"28.02.2025";"LOHN  GEHALT";"GEHALT 02/2025 PERS.NR 3390";"";"";"";"";"";"";"Klinikum Dortmund gGmbH";"";"";"2.680,00";"EUR";"Umsatz gebucht"
"DE31440501990002345678";"01.03.2025";"01.03.2025";"KARTENZAHLUNG";"EDEKA SAGT DANKE";"";"";"";"";"";"";"EDEKA Sander";"";"";"-59,80";"EUR";"Umsatz gebucht"
"DE31440501990002345678";"01.03.2025";"01.03.2025";"KARTENZAHLUNG";"KAUFLAND 2210 DORTMUND";"";"";"";"";"";"";"KAUFLAND DORTMUND";"";"";"-110,00";"EUR";"Umsatz gebucht"
"DE31440501990002345678";"01.03.2025";"01.03.2025";"DAUERAUFTRAG";"MIETE 03/2025";"";"";"";"";"";"";"Wohnungsgenossenschaft Dortmund-Sued";"";"";"-1.450,00";"EUR";"Umsatz gebucht"
"DE31440501990002345678";"02.03.2025";"02.03.2025";"KARTENZAHLUNG";"ROSSMANN FIL 1104";"";"";"";"";"";"";"Rossmann Drogeriemarkt";"";"";"-40,70";"EUR";"Umsatz gebucht"
"DE31440501990002345678";"02.03.2025";"02.03.2025";"BARGELDAUSZAHLUNG";"GA NR00012345 AUSZAHLUNG";"";"";"";"";"";"";"Sparkasse Geldautomat";"";"";"-132,10";"EUR";"Umsatz gebucht"
"DE31440501990002345678";"02.03.2025";"02.03.2025";"FOLGELASTSCHRIFT";"KITA BEITRAG 03/2025";"";"";"";"";"";"";"Stadt Dortmund Elternbeitrag";"";"";"-250,00";"EUR";"Umsatz gebucht"
"DE31440501990002345678";"03.03.2025";"03.03.2025";"FOLGELASTSCHRIFT";"STROM ABSCHLAG 03/2025";"";"";"";"";"";"";"Stadtwerke Dortmund AG";"";"";"-89,00";"EUR";"Umsatz gebucht"
"DE31440501990002345678";"04.03.2025";"04.03.2025";"KARTENZAHLUNG";"LIEFERANDO BESTELLUNG";"";"";"";"";"";"";"Lieferando.de";"";"";"-46,80";"EUR";"Umsatz gebucht"
"DE31440501990002345678";"04.03.2025";"04.03.2025";"FOLGELASTSCHRIFT";"MAGENTA ZUHAUSE XL";"";"";"";"";"";"";"Telekom Deutschland GmbH";"";"";"-49,99";"EUR";"Umsatz gebucht"
"DE31440501990002345678";"06.03.2025";"06.03.2025";"KARTENZAHLUNG";"KAMPS BACKSTUBE";"";"";"";"";"";"";"Bäckerei Kamps";"";"";"-10,60";"EUR";"Umsatz gebucht"
"DE31440501990002345678";"06.03.2025";"06.03.2025";"KARTENZAHLUNG";"KAUFLAND 2210 DORTMUND";"";"";"";"";"";"";"KAUFLAND DORTMUND";"";"";"-34,00";"EUR";"Umsatz gebucht"
"DE31440501990002345678";"06.03.2025";"06.03.2025";"FOLGELASTSCHRIFT";"MOBILFUNK FAMILIE 03/2025";"";"";"";"";"";"";"Vodafone GmbH";"";"";"-17,99";"EUR";"Umsatz gebucht"
"DE31440501990002345678";"07.03.2025";"07.03.2025";"KARTENZAHLUNG";"DISNEY PLUS STANDARD";"";"";"";"";"";"";"DISNEY PLUS";"";"";"-8,99";"EUR";"Umsatz gebucht"
"DE31440501990002345678";"07.03.2025";"07.03.2025";"KARTENZAHLUNG";"KAUFLAND 2210 DORTMUND";"";"";"";"";"";"";"KAUFLAND DORTMUND";"";"";"-113,00";"EUR";"Umsatz gebucht"
"DE31440501990002345678";"08.03.2025";"08.03.2025";"KARTENZAHLUNG";"DECATHLON DORTMUND";"";"";"";"";"";"";"Decathlon Deutschland";"";"";"-51,30";"EUR";"Umsatz gebucht"
"DE31440501990002345678";"08.03.2025";"08.03.2025";"FOLGELASTSCHRIFT";"SPOTIFY FAMILY";"";"";"";"";"";"";"SPOTIFY AB";"";"";"-17,99";"EUR";"Umsatz gebucht"
"DE31440501990002345678";"09.03.2025";"09.03.2025";"KARTENZAHLUNG";"AMZN PRIME DE MITGLIEDSCHAFT";"";"";"";"";"";"";"AMAZON PRIME MEMBERSHIP";"";"";"-8,99";"EUR";"Umsatz gebucht"
"DE31440501990002345678";"10.03.2025";"10.03.2025";"KARTENZAHLUNG";"ROSSMANN FIL 1104";"";"";"";"";"";"";"Rossmann Drogeriemarkt";"";"";"-30,50";"EUR";"Umsatz gebucht"
"DE31440501990002345678";"11.03.2025";"11.03.2025";"KARTENZAHLUNG";"REWE SAGT DANKE. BIS BALD";"";"";"";"";"";"";"REWE Markt GmbH";"";"";"-95,60";"EUR";"Umsatz gebucht"
"DE31440501990002345678";"11.03.2025";"11.03.2025";"KARTENZAHLUNG";"ROSSMANN FIL 1104";"";"";"";"";"";"";"Rossmann Drogeriemarkt";"";"";"-23,00";"EUR";"Umsatz gebucht"
"DE31440501990002345678";"11.03.2025";"11.03.2025";"FOLGELASTSCHRIFT";"RECHNUNG 2025-1187";"";"";"";"";"";"";"Zahnarztpraxis Dr. Kienzle";"";"";"-320,00";"EUR";"Umsatz gebucht"
"DE31440501990002345678";"12.03.2025";"12.03.2025";"FOLGELASTSCHRIFT";"HAUSRAT HAFTPFLICHT UNFALL";"";"";"";"";"";"";"Allianz Versicherungs-AG";"";"";"-68,00";"EUR";"Umsatz gebucht"
"DE31440501990002345678";"13.03.2025";"13.03.2025";"KARTENZAHLUNG";"ROSSMANN FIL 1104";"";"";"";"";"";"";"Rossmann Drogeriemarkt";"";"";"-17,10";"EUR";"Umsatz gebucht"
"DE31440501990002345678";"14.03.2025";"14.03.2025";"KARTENZAHLUNG";"APOTHEKE WESTENHELLWEG";"";"";"";"";"";"";"Apotheke am Westenhellweg";"";"";"-47,20";"EUR";"Umsatz gebucht"
"DE31440501990002345678";"14.03.2025";"14.03.2025";"FOLGELASTSCHRIFT";"ZUSATZBEITRAG 03/2025";"";"";"";"";"";"";"Techniker Krankenkasse";"";"";"-220,00";"EUR";"Umsatz gebucht"
"DE31440501990002345678";"15.03.2025";"15.03.2025";"GUTSCHRIFT";"KINDERGELD 03/2025";"";"";"";"";"";"";"Familienkasse Nordrhein-Westfalen";"";"";"500,00";"EUR";"Umsatz gebucht"
"DE31440501990002345678";"15.03.2025";"15.03.2025";"KARTENZAHLUNG";"ROSSMANN FIL 1104";"";"";"";"";"";"";"Rossmann Drogeriemarkt";"";"";"-15,70";"EUR";"Umsatz gebucht"
"DE31440501990002345678";"16.03.2025";"16.03.2025";"LOHN  GEHALT";"GEHALT 03/2025 PERS.NR 8812";"";"";"";"";"";"";"Hoesch Werkstoffe Personal";"";"";"2.320,00";"EUR";"Umsatz gebucht"
"DE31440501990002345678";"17.03.2025";"17.03.2025";"KARTENZAHLUNG";"AMZN Mktp DE 118902";"";"";"";"";"";"";"AMAZON EU S.A R.L.";"";"";"-54,00";"EUR";"Umsatz gebucht"
"DE31440501990002345678";"17.03.2025";"17.03.2025";"KARTENZAHLUNG";"ARAL STATION 4471";"";"";"";"";"";"";"ARAL Tankstelle";"";"";"-59,40";"EUR";"Umsatz gebucht"
"DE31440501990002345678";"17.03.2025";"17.03.2025";"KARTENZAHLUNG";"SHELL STATION 2109";"";"";"";"";"";"";"Shell Station";"";"";"-89,90";"EUR";"Umsatz gebucht"
"DE31440501990002345678";"18.03.2025";"18.03.2025";"KARTENZAHLUNG";"APOTHEKE WESTENHELLWEG";"";"";"";"";"";"";"Apotheke am Westenhellweg";"";"";"-21,70";"EUR";"Umsatz gebucht"
"DE31440501990002345678";"19.03.2025";"19.03.2025";"KARTENZAHLUNG";"LIEFERANDO BESTELLUNG";"";"";"";"";"";"";"Lieferando.de";"";"";"-51,90";"EUR";"Umsatz gebucht"
"DE31440501990002345678";"20.03.2025";"20.03.2025";"KARTENZAHLUNG";"PIZZERIA DA VINCI";"";"";"";"";"";"";"Pizzeria Da Vinci";"";"";"-45,70";"EUR";"Umsatz gebucht"
"DE31440501990002345678";"21.03.2025";"21.03.2025";"KARTENZAHLUNG";"KAMPS BACKSTUBE";"";"";"";"";"";"";"Bäckerei Kamps";"";"";"-18,10";"EUR";"Umsatz gebucht"
"DE31440501990002345678";"23.03.2025";"23.03.2025";"KARTENZAHLUNG";"AMZN Mktp DE 118902";"";"";"";"";"";"";"AMAZON EU S.A R.L.";"";"";"-15,20";"EUR";"Umsatz gebucht"
"DE31440501990002345678";"25.03.2025";"25.03.2025";"FOLGELASTSCHRIFT";"DEUTSCHLANDTICKET 2 PERSONEN 03/2025";"";"";"";"";"";"";"Deutsche Bahn AG";"";"";"-98,00";"EUR";"Umsatz gebucht"
"DE31440501990002345678";"25.03.2025";"25.03.2025";"KARTENZAHLUNG";"PIZZERIA DA VINCI";"";"";"";"";"";"";"Pizzeria Da Vinci";"";"";"-29,40";"EUR";"Umsatz gebucht"
"DE31440501990002345678";"25.03.2025";"25.03.2025";"BARGELDAUSZAHLUNG";"GA NR00012345 AUSZAHLUNG";"";"";"";"";"";"";"Sparkasse Geldautomat";"";"";"-174,40";"EUR";"Umsatz gebucht"
"DE31440501990002345678";"28.03.2025";"28.03.2025";"LOHN  GEHALT";"GEHALT 03/2025 PERS.NR 3390";"";"";"";"";"";"";"Klinikum Dortmund gGmbH";"";"";"2.680,00";"EUR";"Umsatz gebucht"
"DE31440501990002345678";"01.04.2025";"01.04.2025";"KARTENZAHLUNG";"KAUFLAND 2210 DORTMUND";"";"";"";"";"";"";"KAUFLAND DORTMUND";"";"";"-55,80";"EUR";"Umsatz gebucht"
"DE31440501990002345678";"01.04.2025";"01.04.2025";"KARTENZAHLUNG";"MCDONALDS 4471 DORTMUND";"";"";"";"";"";"";"MCDONALDS DEUTSCHLAND";"";"";"-24,60";"EUR";"Umsatz gebucht"
"DE31440501990002345678";"01.04.2025";"01.04.2025";"DAUERAUFTRAG";"MIETE 04/2025";"";"";"";"";"";"";"Wohnungsgenossenschaft Dortmund-Sued";"";"";"-1.450,00";"EUR";"Umsatz gebucht"
"DE31440501990002345678";"02.04.2025";"02.04.2025";"KARTENZAHLUNG";"ARAL STATION 4471";"";"";"";"";"";"";"ARAL Tankstelle";"";"";"-87,30";"EUR";"Umsatz gebucht"
"DE31440501990002345678";"02.04.2025";"02.04.2025";"KARTENZAHLUNG";"KAMPS BACKSTUBE";"";"";"";"";"";"";"Bäckerei Kamps";"";"";"-11,30";"EUR";"Umsatz gebucht"
"DE31440501990002345678";"02.04.2025";"02.04.2025";"KARTENZAHLUNG";"LIEFERANDO BESTELLUNG";"";"";"";"";"";"";"Lieferando.de";"";"";"-26,00";"EUR";"Umsatz gebucht"
"DE31440501990002345678";"02.04.2025";"02.04.2025";"KARTENZAHLUNG";"REWE SAGT DANKE. BIS BALD";"";"";"";"";"";"";"REWE Markt GmbH";"";"";"-90,20";"EUR";"Umsatz gebucht"
"DE31440501990002345678";"02.04.2025";"02.04.2025";"FOLGELASTSCHRIFT";"KITA BEITRAG 04/2025";"";"";"";"";"";"";"Stadt Dortmund Elternbeitrag";"";"";"-250,00";"EUR";"Umsatz gebucht"
"DE31440501990002345678";"03.04.2025";"03.04.2025";"FOLGELASTSCHRIFT";"STROM ABSCHLAG 04/2025";"";"";"";"";"";"";"Stadtwerke Dortmund AG";"";"";"-89,00";"EUR";"Umsatz gebucht"
"DE31440501990002345678";"04.04.2025";"04.04.2025";"FOLGELASTSCHRIFT";"MAGENTA ZUHAUSE XL";"";"";"";"";"";"";"Telekom Deutschland GmbH";"";"";"-49,99";"EUR";"Umsatz gebucht"
"DE31440501990002345678";"06.04.2025";"06.04.2025";"KARTENZAHLUNG";"KAUFLAND 2210 DORTMUND";"";"";"";"";"";"";"KAUFLAND DORTMUND";"";"";"-87,80";"EUR";"Umsatz gebucht"
"DE31440501990002345678";"06.04.2025";"06.04.2025";"FOLGELASTSCHRIFT";"MOBILFUNK FAMILIE 04/2025";"";"";"";"";"";"";"Vodafone GmbH";"";"";"-17,99";"EUR";"Umsatz gebucht"
"DE31440501990002345678";"07.04.2025";"07.04.2025";"KARTENZAHLUNG";"DISNEY PLUS STANDARD";"";"";"";"";"";"";"DISNEY PLUS";"";"";"-8,99";"EUR";"Umsatz gebucht"
"DE31440501990002345678";"07.04.2025";"07.04.2025";"KARTENZAHLUNG";"DECATHLON DORTMUND";"";"";"";"";"";"";"Decathlon Deutschland";"";"";"-64,40";"EUR";"Umsatz gebucht"
"DE31440501990002345678";"08.04.2025";"08.04.2025";"KARTENZAHLUNG";"BURGER KING 2201";"";"";"";"";"";"";"BURGER KING";"";"";"-20,00";"EUR";"Umsatz gebucht"
"DE31440501990002345678";"08.04.2025";"08.04.2025";"KARTENZAHLUNG";"EDEKA SAGT DANKE";"";"";"";"";"";"";"EDEKA Sander";"";"";"-53,60";"EUR";"Umsatz gebucht"
"DE31440501990002345678";"08.04.2025";"08.04.2025";"FOLGELASTSCHRIFT";"SPOTIFY FAMILY";"";"";"";"";"";"";"SPOTIFY AB";"";"";"-17,99";"EUR";"Umsatz gebucht"
"DE31440501990002345678";"09.04.2025";"09.04.2025";"KARTENZAHLUNG";"AMZN PRIME DE MITGLIEDSCHAFT";"";"";"";"";"";"";"AMAZON PRIME MEMBERSHIP";"";"";"-8,99";"EUR";"Umsatz gebucht"
"DE31440501990002345678";"10.04.2025";"10.04.2025";"KARTENZAHLUNG";"DECATHLON DORTMUND";"";"";"";"";"";"";"Decathlon Deutschland";"";"";"-29,20";"EUR";"Umsatz gebucht"
"DE31440501990002345678";"11.04.2025";"11.04.2025";"KARTENZAHLUNG";"KAMPS BACKSTUBE";"";"";"";"";"";"";"Bäckerei Kamps";"";"";"-11,90";"EUR";"Umsatz gebucht"
"DE31440501990002345678";"12.04.2025";"12.04.2025";"FOLGELASTSCHRIFT";"HAUSRAT HAFTPFLICHT UNFALL";"";"";"";"";"";"";"Allianz Versicherungs-AG";"";"";"-68,00";"EUR";"Umsatz gebucht"
"DE31440501990002345678";"12.04.2025";"12.04.2025";"KARTENZAHLUNG";"KAMPS BACKSTUBE";"";"";"";"";"";"";"Bäckerei Kamps";"";"";"-13,80";"EUR";"Umsatz gebucht"
"DE31440501990002345678";"12.04.2025";"12.04.2025";"KARTENZAHLUNG";"EDEKA SAGT DANKE";"";"";"";"";"";"";"EDEKA Sander";"";"";"-27,90";"EUR";"Umsatz gebucht"
"DE31440501990002345678";"12.04.2025";"12.04.2025";"KARTENZAHLUNG";"ROSSMANN FIL 1104";"";"";"";"";"";"";"Rossmann Drogeriemarkt";"";"";"-14,00";"EUR";"Umsatz gebucht"
"DE31440501990002345678";"13.04.2025";"13.04.2025";"BARGELDAUSZAHLUNG";"GA NR00012345 AUSZAHLUNG";"";"";"";"";"";"";"Sparkasse Geldautomat";"";"";"-160,80";"EUR";"Umsatz gebucht"
"DE31440501990002345678";"14.04.2025";"14.04.2025";"FOLGELASTSCHRIFT";"ZUSATZBEITRAG 04/2025";"";"";"";"";"";"";"Techniker Krankenkasse";"";"";"-220,00";"EUR";"Umsatz gebucht"
"DE31440501990002345678";"15.04.2025";"15.04.2025";"GUTSCHRIFT";"KINDERGELD 04/2025";"";"";"";"";"";"";"Familienkasse Nordrhein-Westfalen";"";"";"500,00";"EUR";"Umsatz gebucht"
"DE31440501990002345678";"16.04.2025";"16.04.2025";"KARTENZAHLUNG";"BURGER KING 2201";"";"";"";"";"";"";"BURGER KING";"";"";"-21,60";"EUR";"Umsatz gebucht"
"DE31440501990002345678";"16.04.2025";"16.04.2025";"LOHN  GEHALT";"GEHALT 04/2025 PERS.NR 8812";"";"";"";"";"";"";"Hoesch Werkstoffe Personal";"";"";"2.320,00";"EUR";"Umsatz gebucht"
"DE31440501990002345678";"16.04.2025";"16.04.2025";"KARTENZAHLUNG";"ZALANDO BESTELLUNG";"";"";"";"";"";"";"Zalando SE";"";"";"-59,90";"EUR";"Umsatz gebucht"
"DE31440501990002345678";"18.04.2025";"18.04.2025";"KARTENZAHLUNG";"ALDI SUED SAGT DANKE";"";"";"";"";"";"";"ALDI SÜD";"";"";"-62,70";"EUR";"Umsatz gebucht"
"DE31440501990002345678";"18.04.2025";"18.04.2025";"KARTENZAHLUNG";"ROSSMANN FIL 1104";"";"";"";"";"";"";"Rossmann Drogeriemarkt";"";"";"-22,40";"EUR";"Umsatz gebucht"
"DE31440501990002345678";"22.04.2025";"22.04.2025";"KARTENZAHLUNG";"SHELL STATION 2109";"";"";"";"";"";"";"Shell Station";"";"";"-67,30";"EUR";"Umsatz gebucht"
"DE31440501990002345678";"24.04.2025";"24.04.2025";"KARTENZAHLUNG";"BURGER KING 2201";"";"";"";"";"";"";"BURGER KING";"";"";"-23,30";"EUR";"Umsatz gebucht"
"DE31440501990002345678";"24.04.2025";"24.04.2025";"KARTENZAHLUNG";"ROSSMANN FIL 1104";"";"";"";"";"";"";"Rossmann Drogeriemarkt";"";"";"-29,80";"EUR";"Umsatz gebucht"
"DE31440501990002345678";"25.04.2025";"25.04.2025";"FOLGELASTSCHRIFT";"DEUTSCHLANDTICKET 2 PERSONEN 04/2025";"";"";"";"";"";"";"Deutsche Bahn AG";"";"";"-98,00";"EUR";"Umsatz gebucht"
"DE31440501990002345678";"26.04.2025";"26.04.2025";"KARTENZAHLUNG";"EDEKA SAGT DANKE";"";"";"";"";"";"";"EDEKA Sander";"";"";"-82,30";"EUR";"Umsatz gebucht"
"DE31440501990002345678";"26.04.2025";"26.04.2025";"KARTENZAHLUNG";"ROSSMANN FIL 1104";"";"";"";"";"";"";"Rossmann Drogeriemarkt";"";"";"-40,60";"EUR";"Umsatz gebucht"
"DE31440501990002345678";"26.04.2025";"26.04.2025";"BARGELDAUSZAHLUNG";"GA NR00012345 AUSZAHLUNG";"";"";"";"";"";"";"Sparkasse Geldautomat";"";"";"-85,90";"EUR";"Umsatz gebucht"
"DE31440501990002345678";"28.04.2025";"28.04.2025";"KARTENZAHLUNG";"EDEKA SAGT DANKE";"";"";"";"";"";"";"EDEKA Sander";"";"";"-23,10";"EUR";"Umsatz gebucht"
"DE31440501990002345678";"28.04.2025";"28.04.2025";"LOHN  GEHALT";"GEHALT 04/2025 PERS.NR 3390";"";"";"";"";"";"";"Klinikum Dortmund gGmbH";"";"";"2.680,00";"EUR";"Umsatz gebucht"
"DE31440501990002345678";"01.05.2025";"01.05.2025";"KARTENZAHLUNG";"REWE SAGT DANKE. BIS BALD";"";"";"";"";"";"";"REWE Markt GmbH";"";"";"-42,70";"EUR";"Umsatz gebucht"
"DE31440501990002345678";"01.05.2025";"01.05.2025";"DAUERAUFTRAG";"MIETE 05/2025";"";"";"";"";"";"";"Wohnungsgenossenschaft Dortmund-Sued";"";"";"-1.450,00";"EUR";"Umsatz gebucht"
"DE31440501990002345678";"01.05.2025";"01.05.2025";"KARTENZAHLUNG";"ZALANDO BESTELLUNG";"";"";"";"";"";"";"Zalando SE";"";"";"-65,80";"EUR";"Umsatz gebucht"
"DE31440501990002345678";"02.05.2025";"02.05.2025";"FOLGELASTSCHRIFT";"KITA BEITRAG 05/2025";"";"";"";"";"";"";"Stadt Dortmund Elternbeitrag";"";"";"-250,00";"EUR";"Umsatz gebucht"
"DE31440501990002345678";"03.05.2025";"03.05.2025";"KARTENZAHLUNG";"KAMPS BACKSTUBE";"";"";"";"";"";"";"Bäckerei Kamps";"";"";"-4,00";"EUR";"Umsatz gebucht"
"DE31440501990002345678";"03.05.2025";"03.05.2025";"FOLGELASTSCHRIFT";"STROM ABSCHLAG 05/2025";"";"";"";"";"";"";"Stadtwerke Dortmund AG";"";"";"-89,00";"EUR";"Umsatz gebucht"
"DE31440501990002345678";"04.05.2025";"04.05.2025";"FOLGELASTSCHRIFT";"MAGENTA ZUHAUSE XL";"";"";"";"";"";"";"Telekom Deutschland GmbH";"";"";"-49,99";"EUR";"Umsatz gebucht"
"DE31440501990002345678";"06.05.2025";"06.05.2025";"KARTENZAHLUNG";"ARAL STATION 4471";"";"";"";"";"";"";"ARAL Tankstelle";"";"";"-94,70";"EUR";"Umsatz gebucht"
"DE31440501990002345678";"06.05.2025";"06.05.2025";"FOLGELASTSCHRIFT";"MOBILFUNK FAMILIE 05/2025";"";"";"";"";"";"";"Vodafone GmbH";"";"";"-17,99";"EUR";"Umsatz gebucht"
"DE31440501990002345678";"07.05.2025";"07.05.2025";"KARTENZAHLUNG";"DISNEY PLUS STANDARD";"";"";"";"";"";"";"DISNEY PLUS";"";"";"-8,99";"EUR";"Umsatz gebucht"
"DE31440501990002345678";"07.05.2025";"07.05.2025";"KARTENZAHLUNG";"ROSSMANN FIL 1104";"";"";"";"";"";"";"Rossmann Drogeriemarkt";"";"";"-31,70";"EUR";"Umsatz gebucht"
"DE31440501990002345678";"08.05.2025";"08.05.2025";"FOLGELASTSCHRIFT";"SPOTIFY FAMILY";"";"";"";"";"";"";"SPOTIFY AB";"";"";"-17,99";"EUR";"Umsatz gebucht"
"DE31440501990002345678";"09.05.2025";"09.05.2025";"KARTENZAHLUNG";"AMZN PRIME DE MITGLIEDSCHAFT";"";"";"";"";"";"";"AMAZON PRIME MEMBERSHIP";"";"";"-8,99";"EUR";"Umsatz gebucht"
"DE31440501990002345678";"10.05.2025";"10.05.2025";"KARTENZAHLUNG";"OTTO BESTELLUNG";"";"";"";"";"";"";"OTTO GmbH";"";"";"-97,00";"EUR";"Umsatz gebucht"
"DE31440501990002345678";"10.05.2025";"10.05.2025";"KARTENZAHLUNG";"PIZZERIA DA VINCI";"";"";"";"";"";"";"Pizzeria Da Vinci";"";"";"-25,60";"EUR";"Umsatz gebucht"
"DE31440501990002345678";"11.05.2025";"11.05.2025";"KARTENZAHLUNG";"KAUFLAND 2210 DORTMUND";"";"";"";"";"";"";"KAUFLAND DORTMUND";"";"";"-93,80";"EUR";"Umsatz gebucht"
"DE31440501990002345678";"11.05.2025";"11.05.2025";"KARTENZAHLUNG";"SHELL STATION 2109";"";"";"";"";"";"";"Shell Station";"";"";"-62,60";"EUR";"Umsatz gebucht"
"DE31440501990002345678";"12.05.2025";"12.05.2025";"FOLGELASTSCHRIFT";"HAUSRAT HAFTPFLICHT UNFALL";"";"";"";"";"";"";"Allianz Versicherungs-AG";"";"";"-68,00";"EUR";"Umsatz gebucht"
"DE31440501990002345678";"12.05.2025";"12.05.2025";"KARTENZAHLUNG";"KAMPS BACKSTUBE";"";"";"";"";"";"";"Bäckerei Kamps";"";"";"-13,50";"EUR";"Umsatz gebucht"
"DE31440501990002345678";"14.05.2025";"14.05.2025";"FOLGELASTSCHRIFT";"ZUSATZBEITRAG 05/2025";"";"";"";"";"";"";"Techniker Krankenkasse";"";"";"-220,00";"EUR";"Umsatz gebucht"
"DE31440501990002345678";"15.05.2025";"15.05.2025";"GUTSCHRIFT";"KINDERGELD 05/2025";"";"";"";"";"";"";"Familienkasse Nordrhein-Westfalen";"";"";"500,00";"EUR";"Umsatz gebucht"
"DE31440501990002345678";"15.05.2025";"15.05.2025";"KARTENZAHLUNG";"REWE SAGT DANKE. BIS BALD";"";"";"";"";"";"";"REWE Markt GmbH";"";"";"-70,10";"EUR";"Umsatz gebucht"
"DE31440501990002345678";"16.05.2025";"16.05.2025";"LOHN  GEHALT";"GEHALT 05/2025 PERS.NR 8812";"";"";"";"";"";"";"Hoesch Werkstoffe Personal";"";"";"2.320,00";"EUR";"Umsatz gebucht"
"DE31440501990002345678";"16.05.2025";"16.05.2025";"KARTENZAHLUNG";"MCDONALDS 4471 DORTMUND";"";"";"";"";"";"";"MCDONALDS DEUTSCHLAND";"";"";"-29,00";"EUR";"Umsatz gebucht"
"DE31440501990002345678";"16.05.2025";"16.05.2025";"KARTENZAHLUNG";"SHELL STATION 2109";"";"";"";"";"";"";"Shell Station";"";"";"-58,10";"EUR";"Umsatz gebucht"
"DE31440501990002345678";"17.05.2025";"17.05.2025";"KARTENZAHLUNG";"KAMPS BACKSTUBE";"";"";"";"";"";"";"Bäckerei Kamps";"";"";"-6,40";"EUR";"Umsatz gebucht"
"DE31440501990002345678";"20.05.2025";"20.05.2025";"KARTENZAHLUNG";"KAMPS BACKSTUBE";"";"";"";"";"";"";"Bäckerei Kamps";"";"";"-6,50";"EUR";"Umsatz gebucht"
"DE31440501990002345678";"20.05.2025";"20.05.2025";"KARTENZAHLUNG";"ROSSMANN FIL 1104";"";"";"";"";"";"";"Rossmann Drogeriemarkt";"";"";"-16,80";"EUR";"Umsatz gebucht"
"DE31440501990002345678";"23.05.2025";"23.05.2025";"KARTENZAHLUNG";"BURGER KING 2201";"";"";"";"";"";"";"BURGER KING";"";"";"-33,40";"EUR";"Umsatz gebucht"
"DE31440501990002345678";"24.05.2025";"24.05.2025";"KARTENZAHLUNG";"ROSSMANN FIL 1104";"";"";"";"";"";"";"Rossmann Drogeriemarkt";"";"";"-19,70";"EUR";"Umsatz gebucht"
"DE31440501990002345678";"25.05.2025";"25.05.2025";"FOLGELASTSCHRIFT";"DEUTSCHLANDTICKET 2 PERSONEN 05/2025";"";"";"";"";"";"";"Deutsche Bahn AG";"";"";"-98,00";"EUR";"Umsatz gebucht"
"DE31440501990002345678";"25.05.2025";"25.05.2025";"KARTENZAHLUNG";"KAUFLAND 2210 DORTMUND";"";"";"";"";"";"";"KAUFLAND DORTMUND";"";"";"-125,20";"EUR";"Umsatz gebucht"
"DE31440501990002345678";"25.05.2025";"25.05.2025";"KARTENZAHLUNG";"REWE SAGT DANKE. BIS BALD";"";"";"";"";"";"";"REWE Markt GmbH";"";"";"-42,60";"EUR";"Umsatz gebucht"
"DE31440501990002345678";"25.05.2025";"25.05.2025";"BARGELDAUSZAHLUNG";"GA NR00012345 AUSZAHLUNG";"";"";"";"";"";"";"Sparkasse Geldautomat";"";"";"-105,90";"EUR";"Umsatz gebucht"
"DE31440501990002345678";"28.05.2025";"28.05.2025";"KARTENZAHLUNG";"EDEKA SAGT DANKE";"";"";"";"";"";"";"EDEKA Sander";"";"";"-49,00";"EUR";"Umsatz gebucht"
"DE31440501990002345678";"28.05.2025";"28.05.2025";"LOHN  GEHALT";"GEHALT 05/2025 PERS.NR 3390";"";"";"";"";"";"";"Klinikum Dortmund gGmbH";"";"";"2.680,00";"EUR";"Umsatz gebucht"
"DE31440501990002345678";"28.05.2025";"28.05.2025";"KARTENZAHLUNG";"MCDONALDS 4471 DORTMUND";"";"";"";"";"";"";"MCDONALDS DEUTSCHLAND";"";"";"-32,50";"EUR";"Umsatz gebucht"
"DE31440501990002345678";"01.06.2025";"01.06.2025";"KARTENZAHLUNG";"SHELL STATION 2109";"";"";"";"";"";"";"Shell Station";"";"";"-84,80";"EUR";"Umsatz gebucht"
"DE31440501990002345678";"01.06.2025";"01.06.2025";"DAUERAUFTRAG";"MIETE 06/2025";"";"";"";"";"";"";"Wohnungsgenossenschaft Dortmund-Sued";"";"";"-1.450,00";"EUR";"Umsatz gebucht"
"DE31440501990002345678";"02.06.2025";"02.06.2025";"KARTENZAHLUNG";"REWE SAGT DANKE. BIS BALD";"";"";"";"";"";"";"REWE Markt GmbH";"";"";"-45,80";"EUR";"Umsatz gebucht"
"DE31440501990002345678";"02.06.2025";"02.06.2025";"FOLGELASTSCHRIFT";"KITA BEITRAG 06/2025";"";"";"";"";"";"";"Stadt Dortmund Elternbeitrag";"";"";"-250,00";"EUR";"Umsatz gebucht"
"DE31440501990002345678";"03.06.2025";"03.06.2025";"KARTENZAHLUNG";"KAUFLAND 2210 DORTMUND";"";"";"";"";"";"";"KAUFLAND DORTMUND";"";"";"-80,80";"EUR";"Umsatz gebucht"
"DE31440501990002345678";"03.06.2025";"03.06.2025";"KARTENZAHLUNG";"ROSSMANN FIL 1104";"";"";"";"";"";"";"Rossmann Drogeriemarkt";"";"";"-40,20";"EUR";"Umsatz gebucht"
"DE31440501990002345678";"03.06.2025";"03.06.2025";"FOLGELASTSCHRIFT";"STROM ABSCHLAG 06/2025";"";"";"";"";"";"";"Stadtwerke Dortmund AG";"";"";"-89,00";"EUR";"Umsatz gebucht"
"DE31440501990002345678";"04.06.2025";"04.06.2025";"BARGELDAUSZAHLUNG";"GA NR00012345 AUSZAHLUNG";"";"";"";"";"";"";"Sparkasse Geldautomat";"";"";"-175,80";"EUR";"Umsatz gebucht"
"DE31440501990002345678";"04.06.2025";"04.06.2025";"FOLGELASTSCHRIFT";"MAGENTA ZUHAUSE XL";"";"";"";"";"";"";"Telekom Deutschland GmbH";"";"";"-49,99";"EUR";"Umsatz gebucht"
"DE31440501990002345678";"05.06.2025";"05.06.2025";"KARTENZAHLUNG";"SHELL STATION 2109";"";"";"";"";"";"";"Shell Station";"";"";"-91,70";"EUR";"Umsatz gebucht"
"DE31440501990002345678";"06.06.2025";"06.06.2025";"KARTENZAHLUNG";"ROSSMANN FIL 1104";"";"";"";"";"";"";"Rossmann Drogeriemarkt";"";"";"-17,20";"EUR";"Umsatz gebucht"
"DE31440501990002345678";"06.06.2025";"06.06.2025";"FOLGELASTSCHRIFT";"MOBILFUNK FAMILIE 06/2025";"";"";"";"";"";"";"Vodafone GmbH";"";"";"-17,99";"EUR";"Umsatz gebucht"
"DE31440501990002345678";"07.06.2025";"07.06.2025";"KARTENZAHLUNG";"KAMPS BACKSTUBE";"";"";"";"";"";"";"Bäckerei Kamps";"";"";"-11,10";"EUR";"Umsatz gebucht"
"DE31440501990002345678";"07.06.2025";"07.06.2025";"KARTENZAHLUNG";"DISNEY PLUS STANDARD";"";"";"";"";"";"";"DISNEY PLUS";"";"";"-8,99";"EUR";"Umsatz gebucht"
"DE31440501990002345678";"08.06.2025";"08.06.2025";"KARTENZAHLUNG";"DECATHLON DORTMUND";"";"";"";"";"";"";"Decathlon Deutschland";"";"";"-49,00";"EUR";"Umsatz gebucht"
"DE31440501990002345678";"08.06.2025";"08.06.2025";"KARTENZAHLUNG";"KAUFLAND 2210 DORTMUND";"";"";"";"";"";"";"KAUFLAND DORTMUND";"";"";"-92,90";"EUR";"Umsatz gebucht"
"DE31440501990002345678";"08.06.2025";"08.06.2025";"FOLGELASTSCHRIFT";"SPOTIFY FAMILY";"";"";"";"";"";"";"SPOTIFY AB";"";"";"-17,99";"EUR";"Umsatz gebucht"
"DE31440501990002345678";"09.06.2025";"09.06.2025";"KARTENZAHLUNG";"AMZN PRIME DE MITGLIEDSCHAFT";"";"";"";"";"";"";"AMAZON PRIME MEMBERSHIP";"";"";"-8,99";"EUR";"Umsatz gebucht"
"DE31440501990002345678";"09.06.2025";"09.06.2025";"KARTENZAHLUNG";"KAUFLAND 2210 DORTMUND";"";"";"";"";"";"";"KAUFLAND DORTMUND";"";"";"-96,10";"EUR";"Umsatz gebucht"
"DE31440501990002345678";"11.06.2025";"11.06.2025";"KARTENZAHLUNG";"LIEFERANDO BESTELLUNG";"";"";"";"";"";"";"Lieferando.de";"";"";"-47,00";"EUR";"Umsatz gebucht"
"DE31440501990002345678";"12.06.2025";"12.06.2025";"FOLGELASTSCHRIFT";"HAUSRAT HAFTPFLICHT UNFALL";"";"";"";"";"";"";"Allianz Versicherungs-AG";"";"";"-68,00";"EUR";"Umsatz gebucht"
"DE31440501990002345678";"13.06.2025";"13.06.2025";"KARTENZAHLUNG";"BURGER KING 2201";"";"";"";"";"";"";"BURGER KING";"";"";"-23,90";"EUR";"Umsatz gebucht"
"DE31440501990002345678";"13.06.2025";"13.06.2025";"KARTENZAHLUNG";"KAUFLAND 2210 DORTMUND";"";"";"";"";"";"";"KAUFLAND DORTMUND";"";"";"-62,50";"EUR";"Umsatz gebucht"
"DE31440501990002345678";"14.06.2025";"14.06.2025";"FOLGELASTSCHRIFT";"ZUSATZBEITRAG 06/2025";"";"";"";"";"";"";"Techniker Krankenkasse";"";"";"-220,00";"EUR";"Umsatz gebucht"
"DE31440501990002345678";"15.06.2025";"15.06.2025";"GUTSCHRIFT";"KINDERGELD 06/2025";"";"";"";"";"";"";"Familienkasse Nordrhein-Westfalen";"";"";"500,00";"EUR";"Umsatz gebucht"
"DE31440501990002345678";"16.06.2025";"16.06.2025";"LOHN  GEHALT";"GEHALT 06/2025 PERS.NR 8812";"";"";"";"";"";"";"Hoesch Werkstoffe Personal";"";"";"2.320,00";"EUR";"Umsatz gebucht"
"DE31440501990002345678";"16.06.2025";"16.06.2025";"KARTENZAHLUNG";"KAUFLAND 2210 DORTMUND";"";"";"";"";"";"";"KAUFLAND DORTMUND";"";"";"-24,10";"EUR";"Umsatz gebucht"
"DE31440501990002345678";"17.06.2025";"17.06.2025";"KARTENZAHLUNG";"ALDI SUED SAGT DANKE";"";"";"";"";"";"";"ALDI SÜD";"";"";"-24,00";"EUR";"Umsatz gebucht"
"DE31440501990002345678";"18.06.2025";"18.06.2025";"GUTSCHRIFT";"JAHRESABRECHNUNG STROM GUTSCHRIFT";"";"";"";"";"";"";"Stadtwerke Dortmund AG";"";"";"187,00";"EUR";"Umsatz gebucht"
"DE31440501990002345678";"19.06.2025";"19.06.2025";"BARGELDAUSZAHLUNG";"GA NR00012345 AUSZAHLUNG";"";"";"";"";"";"";"Sparkasse Geldautomat";"";"";"-88,70";"EUR";"Umsatz gebucht"
"DE31440501990002345678";"20.06.2025";"20.06.2025";"KARTENZAHLUNG";"APOTHEKE WESTENHELLWEG";"";"";"";"";"";"";"Apotheke am Westenhellweg";"";"";"-45,50";"EUR";"Umsatz gebucht"
"DE31440501990002345678";"20.06.2025";"20.06.2025";"KARTENZAHLUNG";"OTTO BESTELLUNG";"";"";"";"";"";"";"OTTO GmbH";"";"";"-66,50";"EUR";"Umsatz gebucht"
"DE31440501990002345678";"21.06.2025";"21.06.2025";"KARTENZAHLUNG";"REWE SAGT DANKE. BIS BALD";"";"";"";"";"";"";"REWE Markt GmbH";"";"";"-23,10";"EUR";"Umsatz gebucht"
"DE31440501990002345678";"22.06.2025";"22.06.2025";"KARTENZAHLUNG";"BURGER KING 2201";"";"";"";"";"";"";"BURGER KING";"";"";"-12,40";"EUR";"Umsatz gebucht"
"DE31440501990002345678";"23.06.2025";"23.06.2025";"KARTENZAHLUNG";"REWE SAGT DANKE. BIS BALD";"";"";"";"";"";"";"REWE Markt GmbH";"";"";"-20,00";"EUR";"Umsatz gebucht"
"DE31440501990002345678";"23.06.2025";"23.06.2025";"KARTENZAHLUNG";"ROSSMANN FIL 1104";"";"";"";"";"";"";"Rossmann Drogeriemarkt";"";"";"-19,50";"EUR";"Umsatz gebucht"
"DE31440501990002345678";"25.06.2025";"25.06.2025";"KARTENZAHLUNG";"ALDI SUED SAGT DANKE";"";"";"";"";"";"";"ALDI SÜD";"";"";"-32,00";"EUR";"Umsatz gebucht"
"DE31440501990002345678";"25.06.2025";"25.06.2025";"FOLGELASTSCHRIFT";"DEUTSCHLANDTICKET 2 PERSONEN 06/2025";"";"";"";"";"";"";"Deutsche Bahn AG";"";"";"-98,00";"EUR";"Umsatz gebucht"
"DE31440501990002345678";"25.06.2025";"25.06.2025";"KARTENZAHLUNG";"KAUFLAND 2210 DORTMUND";"";"";"";"";"";"";"KAUFLAND DORTMUND";"";"";"-97,50";"EUR";"Umsatz gebucht"
"DE31440501990002345678";"28.06.2025";"28.06.2025";"LOHN  GEHALT";"GEHALT 06/2025 PERS.NR 3390";"";"";"";"";"";"";"Klinikum Dortmund gGmbH";"";"";"2.680,00";"EUR";"Umsatz gebucht"
"DE31440501990002345678";"01.07.2025";"01.07.2025";"DAUERAUFTRAG";"MIETE 07/2025";"";"";"";"";"";"";"Wohnungsgenossenschaft Dortmund-Sued";"";"";"-1.450,00";"EUR";"Umsatz gebucht"
"DE31440501990002345678";"02.07.2025";"02.07.2025";"KARTENZAHLUNG";"EDEKA SAGT DANKE";"";"";"";"";"";"";"EDEKA Sander";"";"";"-62,80";"EUR";"Umsatz gebucht"
"DE31440501990002345678";"02.07.2025";"02.07.2025";"KARTENZAHLUNG";"KAUFLAND 2210 DORTMUND";"";"";"";"";"";"";"KAUFLAND DORTMUND";"";"";"-111,80";"EUR";"Umsatz gebucht"
"DE31440501990002345678";"02.07.2025";"02.07.2025";"FOLGELASTSCHRIFT";"KITA BEITRAG 07/2025";"";"";"";"";"";"";"Stadt Dortmund Elternbeitrag";"";"";"-250,00";"EUR";"Umsatz gebucht"
"DE31440501990002345678";"03.07.2025";"03.07.2025";"KARTENZAHLUNG";"OTTO BESTELLUNG";"";"";"";"";"";"";"OTTO GmbH";"";"";"-75,70";"EUR";"Umsatz gebucht"
"DE31440501990002345678";"03.07.2025";"03.07.2025";"KARTENZAHLUNG";"PIZZERIA DA VINCI";"";"";"";"";"";"";"Pizzeria Da Vinci";"";"";"-22,00";"EUR";"Umsatz gebucht"
"DE31440501990002345678";"03.07.2025";"03.07.2025";"FOLGELASTSCHRIFT";"STROM ABSCHLAG 07/2025";"";"";"";"";"";"";"Stadtwerke Dortmund AG";"";"";"-89,00";"EUR";"Umsatz gebucht"
"DE31440501990002345678";"04.07.2025";"04.07.2025";"KARTENZAHLUNG";"LIEFERANDO BESTELLUNG";"";"";"";"";"";"";"Lieferando.de";"";"";"-33,90";"EUR";"Umsatz gebucht"
"DE31440501990002345678";"04.07.2025";"04.07.2025";"KARTENZAHLUNG";"REWE SAGT DANKE. BIS BALD";"";"";"";"";"";"";"REWE Markt GmbH";"";"";"-22,80";"EUR";"Umsatz gebucht"
"DE31440501990002345678";"04.07.2025";"04.07.2025";"FOLGELASTSCHRIFT";"MAGENTA ZUHAUSE XL";"";"";"";"";"";"";"Telekom Deutschland GmbH";"";"";"-49,99";"EUR";"Umsatz gebucht"
"DE31440501990002345678";"05.07.2025";"05.07.2025";"KARTENZAHLUNG";"BURGER KING 2201";"";"";"";"";"";"";"BURGER KING";"";"";"-26,50";"EUR";"Umsatz gebucht"
"DE31440501990002345678";"05.07.2025";"05.07.2025";"KARTENZAHLUNG";"EDEKA SAGT DANKE";"";"";"";"";"";"";"EDEKA Sander";"";"";"-54,00";"EUR";"Umsatz gebucht"
"DE31440501990002345678";"05.07.2025";"05.07.2025";"ONLINE-UEBERWEISUNG";"FERIENWOHNUNG JULI 2025";"";"";"";"";"";"";"Ferienpark Sonnenhof Sylt";"";"";"-689,00";"EUR";"Umsatz gebucht"
"DE31440501990002345678";"06.07.2025";"06.07.2025";"KARTENZAHLUNG";"APOTHEKE WESTENHELLWEG";"";"";"";"";"";"";"Apotheke am Westenhellweg";"";"";"-41,50";"EUR";"Umsatz gebucht"
"DE31440501990002345678";"06.07.2025";"06.07.2025";"KARTENZAHLUNG";"DB FERNVERKEHR FAMILIENTICKET";"";"";"";"";"";"";"Deutsche Bahn AG";"";"";"-348,00";"EUR";"Umsatz gebucht"
"DE31440501990002345678";"06.07.2025";"06.07.2025";"FOLGELASTSCHRIFT";"MOBILFUNK FAMILIE 07/2025";"";"";"";"";"";"";"Vodafone GmbH";"";"";"-17,99";"EUR";"Umsatz gebucht"
"DE31440501990002345678";"07.07.2025";"07.07.2025";"KARTENZAHLUNG";"DISNEY PLUS STANDARD";"";"";"";"";"";"";"DISNEY PLUS";"";"";"-8,99";"EUR";"Umsatz gebucht"
"DE31440501990002345678";"07.07.2025";"07.07.2025";"KARTENZAHLUNG";"EDEKA SAGT DANKE";"";"";"";"";"";"";"EDEKA Sander";"";"";"-42,10";"EUR";"Umsatz gebucht"
"DE31440501990002345678";"08.07.2025";"08.07.2025";"KARTENZAHLUNG";"DECATHLON DORTMUND";"";"";"";"";"";"";"Decathlon Deutschland";"";"";"-82,40";"EUR";"Umsatz gebucht"
"DE31440501990002345678";"08.07.2025";"08.07.2025";"FOLGELASTSCHRIFT";"SPOTIFY FAMILY";"";"";"";"";"";"";"SPOTIFY AB";"";"";"-17,99";"EUR";"Umsatz gebucht"
"DE31440501990002345678";"09.07.2025";"09.07.2025";"KARTENZAHLUNG";"AMZN PRIME DE MITGLIEDSCHAFT";"";"";"";"";"";"";"AMAZON PRIME MEMBERSHIP";"";"";"-8,99";"EUR";"Umsatz gebucht"
"DE31440501990002345678";"09.07.2025";"09.07.2025";"KARTENZAHLUNG";"ROSSMANN FIL 1104";"";"";"";"";"";"";"Rossmann Drogeriemarkt";"";"";"-18,40";"EUR";"Umsatz gebucht"
"DE31440501990002345678";"09.07.2025";"09.07.2025";"KARTENZAHLUNG";"SHELL STATION 2109";"";"";"";"";"";"";"Shell Station";"";"";"-54,80";"EUR";"Umsatz gebucht"
"DE31440501990002345678";"10.07.2025";"10.07.2025";"KARTENZAHLUNG";"BURGER KING 2201";"";"";"";"";"";"";"BURGER KING";"";"";"-25,50";"EUR";"Umsatz gebucht"
"DE31440501990002345678";"11.07.2025";"11.07.2025";"KARTENZAHLUNG";"EDEKA SAGT DANKE";"";"";"";"";"";"";"EDEKA Sander";"";"";"-40,40";"EUR";"Umsatz gebucht"
"DE31440501990002345678";"12.07.2025";"12.07.2025";"FOLGELASTSCHRIFT";"HAUSRAT HAFTPFLICHT UNFALL";"";"";"";"";"";"";"Allianz Versicherungs-AG";"";"";"-68,00";"EUR";"Umsatz gebucht"
"DE31440501990002345678";"13.07.2025";"13.07.2025";"KARTENZAHLUNG";"ALDI SUED SAGT DANKE";"";"";"";"";"";"";"ALDI SÜD";"";"";"-70,00";"EUR";"Umsatz gebucht"
"DE31440501990002345678";"14.07.2025";"14.07.2025";"FOLGELASTSCHRIFT";"ZUSATZBEITRAG 07/2025";"";"";"";"";"";"";"Techniker Krankenkasse";"";"";"-220,00";"EUR";"Umsatz gebucht"
"DE31440501990002345678";"15.07.2025";"15.07.2025";"GUTSCHRIFT";"KINDERGELD 07/2025";"";"";"";"";"";"";"Familienkasse Nordrhein-Westfalen";"";"";"500,00";"EUR";"Umsatz gebucht"
"DE31440501990002345678";"16.07.2025";"16.07.2025";"KARTENZAHLUNG";"KAMPS BACKSTUBE";"";"";"";"";"";"";"Bäckerei Kamps";"";"";"-16,40";"EUR";"Umsatz gebucht"
"DE31440501990002345678";"16.07.2025";"16.07.2025";"KARTENZAHLUNG";"EDEKA SAGT DANKE";"";"";"";"";"";"";"EDEKA Sander";"";"";"-82,30";"EUR";"Umsatz gebucht"
"DE31440501990002345678";"16.07.2025";"16.07.2025";"LOHN  GEHALT";"GEHALT 07/2025 PERS.NR 8812";"";"";"";"";"";"";"Hoesch Werkstoffe Personal";"";"";"2.320,00";"EUR";"Umsatz gebucht"
"DE31440501990002345678";"19.07.2025";"19.07.2025";"KARTENZAHLUNG";"EDEKA SAGT DANKE";"";"";"";"";"";"";"EDEKA Sander";"";"";"-55,50";"EUR";"Umsatz gebucht"
"DE31440501990002345678";"19.07.2025";"19.07.2025";"KARTENZAHLUNG";"OTTO BESTELLUNG";"";"";"";"";"";"";"OTTO GmbH";"";"";"-136,70";"EUR";"Umsatz gebucht"
"DE31440501990002345678";"19.07.2025";"19.07.2025";"KARTENZAHLUNG";"REWE SAGT DANKE. BIS BALD";"";"";"";"";"";"";"REWE Markt GmbH";"";"";"-52,70";"EUR";"Umsatz gebucht"
"DE31440501990002345678";"19.07.2025";"19.07.2025";"BARGELDAUSZAHLUNG";"GA NR00012345 AUSZAHLUNG";"";"";"";"";"";"";"Sparkasse Geldautomat";"";"";"-197,60";"EUR";"Umsatz gebucht"
"DE31440501990002345678";"20.07.2025";"20.07.2025";"KARTENZAHLUNG";"KAUFLAND 2210 DORTMUND";"";"";"";"";"";"";"KAUFLAND DORTMUND";"";"";"-40,20";"EUR";"Umsatz gebucht"
"DE31440501990002345678";"21.07.2025";"21.07.2025";"KARTENZAHLUNG";"APOTHEKE WESTENHELLWEG";"";"";"";"";"";"";"Apotheke am Westenhellweg";"";"";"-19,20";"EUR";"Umsatz gebucht"
"DE31440501990002345678";"21.07.2025";"21.07.2025";"KARTENZAHLUNG";"REWE SAGT DANKE. BIS BALD";"";"";"";"";"";"";"REWE Markt GmbH";"";"";"-51,20";"EUR";"Umsatz gebucht"
"DE31440501990002345678";"25.07.2025";"25.07.2025";"KARTENZAHLUNG";"ARAL STATION 4471";"";"";"";"";"";"";"ARAL Tankstelle";"";"";"-84,70";"EUR";"Umsatz gebucht"
"DE31440501990002345678";"25.07.2025";"25.07.2025";"FOLGELASTSCHRIFT";"DEUTSCHLANDTICKET 2 PERSONEN 07/2025";"";"";"";"";"";"";"Deutsche Bahn AG";"";"";"-98,00";"EUR";"Umsatz gebucht"
"DE31440501990002345678";"25.07.2025";"25.07.2025";"KARTENZAHLUNG";"SHELL STATION 2109";"";"";"";"";"";"";"Shell Station";"";"";"-65,70";"EUR";"Umsatz gebucht"
"DE31440501990002345678";"27.07.2025";"27.07.2025";"KARTENZAHLUNG";"ROSSMANN FIL 1104";"";"";"";"";"";"";"Rossmann Drogeriemarkt";"";"";"-11,80";"EUR";"Umsatz gebucht"
"DE31440501990002345678";"28.07.2025";"28.07.2025";"LOHN  GEHALT";"GEHALT 07/2025 PERS.NR 3390";"";"";"";"";"";"";"Klinikum Dortmund gGmbH";"";"";"2.680,00";"EUR";"Umsatz gebucht"
"DE31440501990002345678";"01.08.2025";"01.08.2025";"KARTENZAHLUNG";"KAMPS BACKSTUBE";"";"";"";"";"";"";"Bäckerei Kamps";"";"";"-14,00";"EUR";"Umsatz gebucht"
"DE31440501990002345678";"01.08.2025";"01.08.2025";"DAUERAUFTRAG";"MIETE 08/2025";"";"";"";"";"";"";"Wohnungsgenossenschaft Dortmund-Sued";"";"";"-1.450,00";"EUR";"Umsatz gebucht"
"DE31440501990002345678";"02.08.2025";"02.08.2025";"FOLGELASTSCHRIFT";"KITA BEITRAG 08/2025";"";"";"";"";"";"";"Stadt Dortmund Elternbeitrag";"";"";"-250,00";"EUR";"Umsatz gebucht"
"DE31440501990002345678";"03.08.2025";"03.08.2025";"FOLGELASTSCHRIFT";"STROM ABSCHLAG 08/2025";"";"";"";"";"";"";"Stadtwerke Dortmund AG";"";"";"-89,00";"EUR";"Umsatz gebucht"
"DE31440501990002345678";"04.08.2025";"04.08.2025";"KARTENZAHLUNG";"EDEKA SAGT DANKE";"";"";"";"";"";"";"EDEKA Sander";"";"";"-68,20";"EUR";"Umsatz gebucht"
"DE31440501990002345678";"04.08.2025";"04.08.2025";"FOLGELASTSCHRIFT";"MAGENTA ZUHAUSE XL";"";"";"";"";"";"";"Telekom Deutschland GmbH";"";"";"-49,99";"EUR";"Umsatz gebucht"
"DE31440501990002345678";"05.08.2025";"05.08.2025";"KARTENZAHLUNG";"KAUFLAND 2210 DORTMUND";"";"";"";"";"";"";"KAUFLAND DORTMUND";"";"";"-95,80";"EUR";"Umsatz gebucht"
"DE31440501990002345678";"06.08.2025";"06.08.2025";"FOLGELASTSCHRIFT";"MOBILFUNK FAMILIE 08/2025";"";"";"";"";"";"";"Vodafone GmbH";"";"";"-17,99";"EUR";"Umsatz gebucht"
"DE31440501990002345678";"07.08.2025";"07.08.2025";"KARTENZAHLUNG";"DISNEY PLUS STANDARD";"";"";"";"";"";"";"DISNEY PLUS";"";"";"-8,99";"EUR";"Umsatz gebucht"
"DE31440501990002345678";"07.08.2025";"07.08.2025";"KARTENZAHLUNG";"SHELL STATION 2109";"";"";"";"";"";"";"Shell Station";"";"";"-45,40";"EUR";"Umsatz gebucht"
"DE31440501990002345678";"08.08.2025";"08.08.2025";"KARTENZAHLUNG";"KAMPS BACKSTUBE";"";"";"";"";"";"";"Bäckerei Kamps";"";"";"-12,10";"EUR";"Umsatz gebucht"
"DE31440501990002345678";"08.08.2025";"08.08.2025";"FOLGELASTSCHRIFT";"SPOTIFY FAMILY";"";"";"";"";"";"";"SPOTIFY AB";"";"";"-17,99";"EUR";"Umsatz gebucht"
"DE31440501990002345678";"09.08.2025";"09.08.2025";"KARTENZAHLUNG";"AMZN PRIME DE MITGLIEDSCHAFT";"";"";"";"";"";"";"AMAZON PRIME MEMBERSHIP";"";"";"-8,99";"EUR";"Umsatz gebucht"
"DE31440501990002345678";"09.08.2025";"09.08.2025";"KARTENZAHLUNG";"KAUFLAND 2210 DORTMUND";"";"";"";"";"";"";"KAUFLAND DORTMUND";"";"";"-100,80";"EUR";"Umsatz gebucht"
"DE31440501990002345678";"10.08.2025";"10.08.2025";"KARTENZAHLUNG";"LIEFERANDO BESTELLUNG";"";"";"";"";"";"";"Lieferando.de";"";"";"-26,20";"EUR";"Umsatz gebucht"
"DE31440501990002345678";"10.08.2025";"10.08.2025";"KARTENZAHLUNG";"REWE SAGT DANKE. BIS BALD";"";"";"";"";"";"";"REWE Markt GmbH";"";"";"-39,10";"EUR";"Umsatz gebucht"
"DE31440501990002345678";"11.08.2025";"11.08.2025";"KARTENZAHLUNG";"ALDI SUED SAGT DANKE";"";"";"";"";"";"";"ALDI SÜD";"";"";"-51,70";"EUR";"Umsatz gebucht"
"DE31440501990002345678";"12.08.2025";"12.08.2025";"FOLGELASTSCHRIFT";"HAUSRAT HAFTPFLICHT UNFALL";"";"";"";"";"";"";"Allianz Versicherungs-AG";"";"";"-68,00";"EUR";"Umsatz gebucht"
"DE31440501990002345678";"12.08.2025";"12.08.2025";"KARTENZAHLUNG";"EDEKA SAGT DANKE";"";"";"";"";"";"";"EDEKA Sander";"";"";"-33,30";"EUR";"Umsatz gebucht"
"DE31440501990002345678";"13.08.2025";"13.08.2025";"KARTENZAHLUNG";"ARAL STATION 4471";"";"";"";"";"";"";"ARAL Tankstelle";"";"";"-89,20";"EUR";"Umsatz gebucht"
"DE31440501990002345678";"14.08.2025";"14.08.2025";"FOLGELASTSCHRIFT";"ZUSATZBEITRAG 08/2025";"";"";"";"";"";"";"Techniker Krankenkasse";"";"";"-220,00";"EUR";"Umsatz gebucht"
"DE31440501990002345678";"15.08.2025";"15.08.2025";"GUTSCHRIFT";"KINDERGELD 08/2025";"";"";"";"";"";"";"Familienkasse Nordrhein-Westfalen";"";"";"500,00";"EUR";"Umsatz gebucht"
"DE31440501990002345678";"16.08.2025";"16.08.2025";"LOHN  GEHALT";"GEHALT 08/2025 PERS.NR 8812";"";"";"";"";"";"";"Hoesch Werkstoffe Personal";"";"";"2.320,00";"EUR";"Umsatz gebucht"
"DE31440501990002345678";"16.08.2025";"16.08.2025";"BARGELDAUSZAHLUNG";"GA NR00012345 AUSZAHLUNG";"";"";"";"";"";"";"Sparkasse Geldautomat";"";"";"-158,00";"EUR";"Umsatz gebucht"
"DE31440501990002345678";"17.08.2025";"17.08.2025";"KARTENZAHLUNG";"KAMPS BACKSTUBE";"";"";"";"";"";"";"Bäckerei Kamps";"";"";"-13,80";"EUR";"Umsatz gebucht"
"DE31440501990002345678";"17.08.2025";"17.08.2025";"KARTENZAHLUNG";"ROSSMANN FIL 1104";"";"";"";"";"";"";"Rossmann Drogeriemarkt";"";"";"-36,00";"EUR";"Umsatz gebucht"
"DE31440501990002345678";"18.08.2025";"18.08.2025";"KARTENZAHLUNG";"OTTO BESTELLUNG";"";"";"";"";"";"";"OTTO GmbH";"";"";"-121,40";"EUR";"Umsatz gebucht"
"DE31440501990002345678";"18.08.2025";"18.08.2025";"KARTENZAHLUNG";"ZALANDO BESTELLUNG";"";"";"";"";"";"";"Zalando SE";"";"";"-54,00";"EUR";"Umsatz gebucht"
"DE31440501990002345678";"19.08.2025";"19.08.2025";"KARTENZAHLUNG";"ALDI SUED SAGT DANKE";"";"";"";"";"";"";"ALDI SÜD";"";"";"-63,60";"EUR";"Umsatz gebucht"
"DE31440501990002345678";"20.08.2025";"20.08.2025";"KARTENZAHLUNG";"KAMPS BACKSTUBE";"";"";"";"";"";"";"Bäckerei Kamps";"";"";"-5,10";"EUR";"Umsatz gebucht"
"DE31440501990002345678";"20.08.2025";"20.08.2025";"KARTENZAHLUNG";"MCDONALDS 4471 DORTMUND";"";"";"";"";"";"";"MCDONALDS DEUTSCHLAND";"";"";"-14,30";"EUR";"Umsatz gebucht"
"DE31440501990002345678";"21.08.2025";"21.08.2025";"KARTENZAHLUNG";"REWE SAGT DANKE. BIS BALD";"";"";"";"";"";"";"REWE Markt GmbH";"";"";"-51,20";"EUR";"Umsatz gebucht"
"DE31440501990002345678";"21.08.2025";"21.08.2025";"KARTENZAHLUNG";"THALIA SCHULBEDARF";"";"";"";"";"";"";"Thalia Bücher GmbH";"";"";"-89,00";"EUR";"Umsatz gebucht"
"DE31440501990002345678";"22.08.2025";"22.08.2025";"KARTENZAHLUNG";"ARAL STATION 4471";"";"";"";"";"";"";"ARAL Tankstelle";"";"";"-96,00";"EUR";"Umsatz gebucht"
"DE31440501990002345678";"22.08.2025";"22.08.2025";"KARTENZAHLUNG";"DECATHLON SCHULSPORT";"";"";"";"";"";"";"Decathlon Deutschland";"";"";"-129,00";"EUR";"Umsatz gebucht"
"DE31440501990002345678";"23.08.2025";"23.08.2025";"KARTENZAHLUNG";"LIEFERANDO BESTELLUNG";"";"";"";"";"";"";"Lieferando.de";"";"";"-21,00";"EUR";"Umsatz gebucht"
"DE31440501990002345678";"23.08.2025";"23.08.2025";"KARTENZAHLUNG";"REWE SAGT DANKE. BIS BALD";"";"";"";"";"";"";"REWE Markt GmbH";"";"";"-86,80";"EUR";"Umsatz gebucht"
"DE31440501990002345678";"24.08.2025";"24.08.2025";"KARTENZAHLUNG";"KAUFLAND 2210 DORTMUND";"";"";"";"";"";"";"KAUFLAND DORTMUND";"";"";"-61,00";"EUR";"Umsatz gebucht"
"DE31440501990002345678";"25.08.2025";"25.08.2025";"KARTENZAHLUNG";"AMZN Mktp DE 118902";"";"";"";"";"";"";"AMAZON EU S.A R.L.";"";"";"-25,10";"EUR";"Umsatz gebucht"
"DE31440501990002345678";"25.08.2025";"25.08.2025";"FOLGELASTSCHRIFT";"DEUTSCHLANDTICKET 2 PERSONEN 08/2025";"";"";"";"";"";"";"Deutsche Bahn AG";"";"";"-98,00";"EUR";"Umsatz gebucht"
"DE31440501990002345678";"28.08.2025";"28.08.2025";"LOHN  GEHALT";"GEHALT 08/2025 PERS.NR 3390";"";"";"";"";"";"";"Klinikum Dortmund gGmbH";"";"";"2.680,00";"EUR";"Umsatz gebucht"
"DE31440501990002345678";"01.09.2025";"01.09.2025";"KARTENZAHLUNG";"EDEKA SAGT DANKE";"";"";"";"";"";"";"EDEKA Sander";"";"";"-20,50";"EUR";"Umsatz gebucht"
"DE31440501990002345678";"01.09.2025";"01.09.2025";"KARTENZAHLUNG";"ROSSMANN FIL 1104";"";"";"";"";"";"";"Rossmann Drogeriemarkt";"";"";"-25,90";"EUR";"Umsatz gebucht"
"DE31440501990002345678";"01.09.2025";"01.09.2025";"DAUERAUFTRAG";"MIETE 09/2025";"";"";"";"";"";"";"Wohnungsgenossenschaft Dortmund-Sued";"";"";"-1.450,00";"EUR";"Umsatz gebucht"
"DE31440501990002345678";"02.09.2025";"02.09.2025";"FOLGELASTSCHRIFT";"KITA BEITRAG 09/2025";"";"";"";"";"";"";"Stadt Dortmund Elternbeitrag";"";"";"-250,00";"EUR";"Umsatz gebucht"
"DE31440501990002345678";"03.09.2025";"03.09.2025";"BARGELDAUSZAHLUNG";"GA NR00012345 AUSZAHLUNG";"";"";"";"";"";"";"Sparkasse Geldautomat";"";"";"-50,10";"EUR";"Umsatz gebucht"
"DE31440501990002345678";"03.09.2025";"03.09.2025";"FOLGELASTSCHRIFT";"STROM ABSCHLAG 09/2025";"";"";"";"";"";"";"Stadtwerke Dortmund AG";"";"";"-89,00";"EUR";"Umsatz gebucht"
"DE31440501990002345678";"04.09.2025";"04.09.2025";"FOLGELASTSCHRIFT";"MAGENTA ZUHAUSE XL";"";"";"";"";"";"";"Telekom Deutschland GmbH";"";"";"-49,99";"EUR";"Umsatz gebucht"
"DE31440501990002345678";"05.09.2025";"05.09.2025";"KARTENZAHLUNG";"EDEKA SAGT DANKE";"";"";"";"";"";"";"EDEKA Sander";"";"";"-77,40";"EUR";"Umsatz gebucht"
"DE31440501990002345678";"05.09.2025";"05.09.2025";"KARTENZAHLUNG";"KAUFLAND 2210 DORTMUND";"";"";"";"";"";"";"KAUFLAND DORTMUND";"";"";"-43,40";"EUR";"Umsatz gebucht"
"DE31440501990002345678";"06.09.2025";"06.09.2025";"FOLGELASTSCHRIFT";"MOBILFUNK FAMILIE 09/2025";"";"";"";"";"";"";"Vodafone GmbH";"";"";"-17,99";"EUR";"Umsatz gebucht"
"DE31440501990002345678";"07.09.2025";"07.09.2025";"KARTENZAHLUNG";"APOTHEKE WESTENHELLWEG";"";"";"";"";"";"";"Apotheke am Westenhellweg";"";"";"-45,60";"EUR";"Umsatz gebucht"
"DE31440501990002345678";"07.09.2025";"07.09.2025";"KARTENZAHLUNG";"DISNEY PLUS STANDARD";"";"";"";"";"";"";"DISNEY PLUS";"";"";"-8,99";"EUR";"Umsatz gebucht"
"DE31440501990002345678";"08.09.2025";"08.09.2025";"KARTENZAHLUNG";"DECATHLON DORTMUND";"";"";"";"";"";"";"Decathlon Deutschland";"";"";"-42,10";"EUR";"Umsatz gebucht"
"DE31440501990002345678";"08.09.2025";"08.09.2025";"FOLGELASTSCHRIFT";"SPOTIFY FAMILY";"";"";"";"";"";"";"SPOTIFY AB";"";"";"-17,99";"EUR";"Umsatz gebucht"
"DE31440501990002345678";"09.09.2025";"09.09.2025";"KARTENZAHLUNG";"AMZN PRIME DE MITGLIEDSCHAFT";"";"";"";"";"";"";"AMAZON PRIME MEMBERSHIP";"";"";"-8,99";"EUR";"Umsatz gebucht"
"DE31440501990002345678";"10.09.2025";"10.09.2025";"KARTENZAHLUNG";"PIZZERIA DA VINCI";"";"";"";"";"";"";"Pizzeria Da Vinci";"";"";"-46,90";"EUR";"Umsatz gebucht"
"DE31440501990002345678";"10.09.2025";"10.09.2025";"KARTENZAHLUNG";"REWE SAGT DANKE. BIS BALD";"";"";"";"";"";"";"REWE Markt GmbH";"";"";"-52,90";"EUR";"Umsatz gebucht"
"DE31440501990002345678";"12.09.2025";"12.09.2025";"FOLGELASTSCHRIFT";"HAUSRAT HAFTPFLICHT UNFALL";"";"";"";"";"";"";"Allianz Versicherungs-AG";"";"";"-68,00";"EUR";"Umsatz gebucht"
"DE31440501990002345678";"12.09.2025";"12.09.2025";"KARTENZAHLUNG";"KAUFLAND 2210 DORTMUND";"";"";"";"";"";"";"KAUFLAND DORTMUND";"";"";"-122,10";"EUR";"Umsatz gebucht"
"DE31440501990002345678";"13.09.2025";"13.09.2025";"KARTENZAHLUNG";"DECATHLON DORTMUND";"";"";"";"";"";"";"Decathlon Deutschland";"";"";"-63,80";"EUR";"Umsatz gebucht"
"DE31440501990002345678";"14.09.2025";"14.09.2025";"FOLGELASTSCHRIFT";"ZUSATZBEITRAG 09/2025";"";"";"";"";"";"";"Techniker Krankenkasse";"";"";"-220,00";"EUR";"Umsatz gebucht"
"DE31440501990002345678";"15.09.2025";"15.09.2025";"KARTENZAHLUNG";"ARAL STATION 4471";"";"";"";"";"";"";"ARAL Tankstelle";"";"";"-84,10";"EUR";"Umsatz gebucht"
"DE31440501990002345678";"15.09.2025";"15.09.2025";"GUTSCHRIFT";"KINDERGELD 09/2025";"";"";"";"";"";"";"Familienkasse Nordrhein-Westfalen";"";"";"500,00";"EUR";"Umsatz gebucht"
"DE31440501990002345678";"15.09.2025";"15.09.2025";"KARTENZAHLUNG";"ROSSMANN FIL 1104";"";"";"";"";"";"";"Rossmann Drogeriemarkt";"";"";"-41,00";"EUR";"Umsatz gebucht"
"DE31440501990002345678";"16.09.2025";"16.09.2025";"LOHN  GEHALT";"GEHALT 09/2025 PERS.NR 8812";"";"";"";"";"";"";"Hoesch Werkstoffe Personal";"";"";"2.320,00";"EUR";"Umsatz gebucht"
"DE31440501990002345678";"17.09.2025";"17.09.2025";"KARTENZAHLUNG";"MCDONALDS 4471 DORTMUND";"";"";"";"";"";"";"MCDONALDS DEUTSCHLAND";"";"";"-27,80";"EUR";"Umsatz gebucht"
"DE31440501990002345678";"18.09.2025";"18.09.2025";"KARTENZAHLUNG";"SHELL STATION 2109";"";"";"";"";"";"";"Shell Station";"";"";"-46,40";"EUR";"Umsatz gebucht"
"DE31440501990002345678";"19.09.2025";"19.09.2025";"KARTENZAHLUNG";"BURGER KING 2201";"";"";"";"";"";"";"BURGER KING";"";"";"-19,90";"EUR";"Umsatz gebucht"
"DE31440501990002345678";"20.09.2025";"20.09.2025";"KARTENZAHLUNG";"MCDONALDS 4471 DORTMUND";"";"";"";"";"";"";"MCDONALDS DEUTSCHLAND";"";"";"-23,70";"EUR";"Umsatz gebucht"
"DE31440501990002345678";"21.09.2025";"21.09.2025";"KARTENZAHLUNG";"KAUFLAND 2210 DORTMUND";"";"";"";"";"";"";"KAUFLAND DORTMUND";"";"";"-105,10";"EUR";"Umsatz gebucht"
"DE31440501990002345678";"23.09.2025";"23.09.2025";"KARTENZAHLUNG";"EDEKA SAGT DANKE";"";"";"";"";"";"";"EDEKA Sander";"";"";"-64,60";"EUR";"Umsatz gebucht"
"DE31440501990002345678";"25.09.2025";"25.09.2025";"KARTENZAHLUNG";"APOTHEKE WESTENHELLWEG";"";"";"";"";"";"";"Apotheke am Westenhellweg";"";"";"-25,30";"EUR";"Umsatz gebucht"
"DE31440501990002345678";"25.09.2025";"25.09.2025";"KARTENZAHLUNG";"KAMPS BACKSTUBE";"";"";"";"";"";"";"Bäckerei Kamps";"";"";"-5,70";"EUR";"Umsatz gebucht"
"DE31440501990002345678";"25.09.2025";"25.09.2025";"FOLGELASTSCHRIFT";"DEUTSCHLANDTICKET 2 PERSONEN 09/2025";"";"";"";"";"";"";"Deutsche Bahn AG";"";"";"-98,00";"EUR";"Umsatz gebucht"
"DE31440501990002345678";"26.09.2025";"26.09.2025";"KARTENZAHLUNG";"ALDI SUED SAGT DANKE";"";"";"";"";"";"";"ALDI SÜD";"";"";"-44,80";"EUR";"Umsatz gebucht"
"DE31440501990002345678";"26.09.2025";"26.09.2025";"KARTENZAHLUNG";"EDEKA SAGT DANKE";"";"";"";"";"";"";"EDEKA Sander";"";"";"-36,50";"EUR";"Umsatz gebucht"
"DE31440501990002345678";"26.09.2025";"26.09.2025";"KARTENZAHLUNG";"ROSSMANN FIL 1104";"";"";"";"";"";"";"Rossmann Drogeriemarkt";"";"";"-13,50";"EUR";"Umsatz gebucht"
"DE31440501990002345678";"26.09.2025";"26.09.2025";"BARGELDAUSZAHLUNG";"GA NR00012345 AUSZAHLUNG";"";"";"";"";"";"";"Sparkasse Geldautomat";"";"";"-111,40";"EUR";"Umsatz gebucht"
"DE31440501990002345678";"27.09.2025";"27.09.2025";"KARTENZAHLUNG";"REWE SAGT DANKE. BIS BALD";"";"";"";"";"";"";"REWE Markt GmbH";"";"";"-45,40";"EUR";"Umsatz gebucht"
"DE31440501990002345678";"28.09.2025";"28.09.2025";"LOHN  GEHALT";"GEHALT 09/2025 PERS.NR 3390";"";"";"";"";"";"";"Klinikum Dortmund gGmbH";"";"";"2.680,00";"EUR";"Umsatz gebucht"
"DE31440501990002345678";"28.09.2025";"28.09.2025";"KARTENZAHLUNG";"MCDONALDS 4471 DORTMUND";"";"";"";"";"";"";"MCDONALDS DEUTSCHLAND";"";"";"-33,80";"EUR";"Umsatz gebucht"
"DE31440501990002345678";"28.09.2025";"28.09.2025";"KARTENZAHLUNG";"SHELL STATION 2109";"";"";"";"";"";"";"Shell Station";"";"";"-84,60";"EUR";"Umsatz gebucht"
"DE31440501990002345678";"01.10.2025";"01.10.2025";"KARTENZAHLUNG";"KAMPS BACKSTUBE";"";"";"";"";"";"";"Bäckerei Kamps";"";"";"-4,10";"EUR";"Umsatz gebucht"
"DE31440501990002345678";"01.10.2025";"01.10.2025";"DAUERAUFTRAG";"MIETE 10/2025";"";"";"";"";"";"";"Wohnungsgenossenschaft Dortmund-Sued";"";"";"-1.450,00";"EUR";"Umsatz gebucht"
"DE31440501990002345678";"02.10.2025";"02.10.2025";"FOLGELASTSCHRIFT";"KITA BEITRAG 10/2025";"";"";"";"";"";"";"Stadt Dortmund Elternbeitrag";"";"";"-250,00";"EUR";"Umsatz gebucht"
"DE31440501990002345678";"03.10.2025";"03.10.2025";"KARTENZAHLUNG";"LIEFERANDO BESTELLUNG";"";"";"";"";"";"";"Lieferando.de";"";"";"-41,90";"EUR";"Umsatz gebucht"
"DE31440501990002345678";"03.10.2025";"03.10.2025";"FOLGELASTSCHRIFT";"STROM ABSCHLAG 10/2025";"";"";"";"";"";"";"Stadtwerke Dortmund AG";"";"";"-89,00";"EUR";"Umsatz gebucht"
"DE31440501990002345678";"04.10.2025";"04.10.2025";"KARTENZAHLUNG";"KAUFLAND 2210 DORTMUND";"";"";"";"";"";"";"KAUFLAND DORTMUND";"";"";"-103,80";"EUR";"Umsatz gebucht"
"DE31440501990002345678";"04.10.2025";"04.10.2025";"FOLGELASTSCHRIFT";"MAGENTA ZUHAUSE XL";"";"";"";"";"";"";"Telekom Deutschland GmbH";"";"";"-49,99";"EUR";"Umsatz gebucht"
"DE31440501990002345678";"06.10.2025";"06.10.2025";"BARGELDAUSZAHLUNG";"GA NR00012345 AUSZAHLUNG";"";"";"";"";"";"";"Sparkasse Geldautomat";"";"";"-101,40";"EUR";"Umsatz gebucht"
"DE31440501990002345678";"06.10.2025";"06.10.2025";"FOLGELASTSCHRIFT";"MOBILFUNK FAMILIE 10/2025";"";"";"";"";"";"";"Vodafone GmbH";"";"";"-17,99";"EUR";"Umsatz gebucht"
"DE31440501990002345678";"07.10.2025";"07.10.2025";"KARTENZAHLUNG";"DISNEY PLUS STANDARD";"";"";"";"";"";"";"DISNEY PLUS";"";"";"-8,99";"EUR";"Umsatz gebucht"
"DE31440501990002345678";"07.10.2025";"07.10.2025";"KARTENZAHLUNG";"KAUFLAND 2210 DORTMUND";"";"";"";"";"";"";"KAUFLAND DORTMUND";"";"";"-55,60";"EUR";"Umsatz gebucht"
"DE31440501990002345678";"08.10.2025";"08.10.2025";"FOLGELASTSCHRIFT";"SPOTIFY FAMILY";"";"";"";"";"";"";"SPOTIFY AB";"";"";"-17,99";"EUR";"Umsatz gebucht"
"DE31440501990002345678";"09.10.2025";"09.10.2025";"KARTENZAHLUNG";"AMZN PRIME DE MITGLIEDSCHAFT";"";"";"";"";"";"";"AMAZON PRIME MEMBERSHIP";"";"";"-8,99";"EUR";"Umsatz gebucht"
"DE31440501990002345678";"10.10.2025";"10.10.2025";"KARTENZAHLUNG";"KAUFLAND 2210 DORTMUND";"";"";"";"";"";"";"KAUFLAND DORTMUND";"";"";"-76,80";"EUR";"Umsatz gebucht"
"DE31440501990002345678";"11.10.2025";"11.10.2025";"KARTENZAHLUNG";"MCDONALDS 4471 DORTMUND";"";"";"";"";"";"";"MCDONALDS DEUTSCHLAND";"";"";"-31,40";"EUR";"Umsatz gebucht"
"DE31440501990002345678";"11.10.2025";"11.10.2025";"KARTENZAHLUNG";"REWE SAGT DANKE. BIS BALD";"";"";"";"";"";"";"REWE Markt GmbH";"";"";"-82,40";"EUR";"Umsatz gebucht"
"DE31440501990002345678";"11.10.2025";"11.10.2025";"BARGELDAUSZAHLUNG";"GA NR00012345 AUSZAHLUNG";"";"";"";"";"";"";"Sparkasse Geldautomat";"";"";"-114,50";"EUR";"Umsatz gebucht"
"DE31440501990002345678";"12.10.2025";"12.10.2025";"FOLGELASTSCHRIFT";"HAUSRAT HAFTPFLICHT UNFALL";"";"";"";"";"";"";"Allianz Versicherungs-AG";"";"";"-68,00";"EUR";"Umsatz gebucht"
"DE31440501990002345678";"13.10.2025";"13.10.2025";"KARTENZAHLUNG";"REWE SAGT DANKE. BIS BALD";"";"";"";"";"";"";"REWE Markt GmbH";"";"";"-82,90";"EUR";"Umsatz gebucht"
"DE31440501990002345678";"14.10.2025";"14.10.2025";"FOLGELASTSCHRIFT";"ZUSATZBEITRAG 10/2025";"";"";"";"";"";"";"Techniker Krankenkasse";"";"";"-220,00";"EUR";"Umsatz gebucht"
"DE31440501990002345678";"15.10.2025";"15.10.2025";"KARTENZAHLUNG";"KAMPS BACKSTUBE";"";"";"";"";"";"";"Bäckerei Kamps";"";"";"-17,10";"EUR";"Umsatz gebucht"
"DE31440501990002345678";"15.10.2025";"15.10.2025";"GUTSCHRIFT";"KINDERGELD 10/2025";"";"";"";"";"";"";"Familienkasse Nordrhein-Westfalen";"";"";"500,00";"EUR";"Umsatz gebucht"
"DE31440501990002345678";"16.10.2025";"16.10.2025";"LOHN  GEHALT";"GEHALT 10/2025 PERS.NR 8812";"";"";"";"";"";"";"Hoesch Werkstoffe Personal";"";"";"2.320,00";"EUR";"Umsatz gebucht"
"DE31440501990002345678";"17.10.2025";"17.10.2025";"KARTENZAHLUNG";"BURGER KING 2201";"";"";"";"";"";"";"BURGER KING";"";"";"-31,50";"EUR";"Umsatz gebucht"
"DE31440501990002345678";"17.10.2025";"17.10.2025";"KARTENZAHLUNG";"ROSSMANN FIL 1104";"";"";"";"";"";"";"Rossmann Drogeriemarkt";"";"";"-43,00";"EUR";"Umsatz gebucht"
"DE31440501990002345678";"18.10.2025";"18.10.2025";"KARTENZAHLUNG";"ARAL STATION 4471";"";"";"";"";"";"";"ARAL Tankstelle";"";"";"-50,30";"EUR";"Umsatz gebucht"
"DE31440501990002345678";"18.10.2025";"18.10.2025";"KARTENZAHLUNG";"EDEKA SAGT DANKE";"";"";"";"";"";"";"EDEKA Sander";"";"";"-57,20";"EUR";"Umsatz gebucht"
"DE31440501990002345678";"19.10.2025";"19.10.2025";"KARTENZAHLUNG";"BURGER KING 2201";"";"";"";"";"";"";"BURGER KING";"";"";"-20,10";"EUR";"Umsatz gebucht"
"DE31440501990002345678";"19.10.2025";"19.10.2025";"KARTENZAHLUNG";"KAUFLAND 2210 DORTMUND";"";"";"";"";"";"";"KAUFLAND DORTMUND";"";"";"-38,10";"EUR";"Umsatz gebucht"
"DE31440501990002345678";"22.10.2025";"22.10.2025";"KARTENZAHLUNG";"KAMPS BACKSTUBE";"";"";"";"";"";"";"Bäckerei Kamps";"";"";"-11,90";"EUR";"Umsatz gebucht"
"DE31440501990002345678";"22.10.2025";"22.10.2025";"KARTENZAHLUNG";"EDEKA SAGT DANKE";"";"";"";"";"";"";"EDEKA Sander";"";"";"-70,50";"EUR";"Umsatz gebucht"
"DE31440501990002345678";"24.10.2025";"24.10.2025";"KARTENZAHLUNG";"SHELL STATION 2109";"";"";"";"";"";"";"Shell Station";"";"";"-61,60";"EUR";"Umsatz gebucht"
"DE31440501990002345678";"25.10.2025";"25.10.2025";"KARTENZAHLUNG";"DECATHLON DORTMUND";"";"";"";"";"";"";"Decathlon Deutschland";"";"";"-19,10";"EUR";"Umsatz gebucht"
"DE31440501990002345678";"25.10.2025";"25.10.2025";"FOLGELASTSCHRIFT";"DEUTSCHLANDTICKET 2 PERSONEN 10/2025";"";"";"";"";"";"";"Deutsche Bahn AG";"";"";"-98,00";"EUR";"Umsatz gebucht"
"DE31440501990002345678";"25.10.2025";"25.10.2025";"KARTENZAHLUNG";"MCDONALDS 4471 DORTMUND";"";"";"";"";"";"";"MCDONALDS DEUTSCHLAND";"";"";"-15,90";"EUR";"Umsatz gebucht"
"DE31440501990002345678";"27.10.2025";"27.10.2025";"KARTENZAHLUNG";"KAMPS BACKSTUBE";"";"";"";"";"";"";"Bäckerei Kamps";"";"";"-16,20";"EUR";"Umsatz gebucht"
"DE31440501990002345678";"28.10.2025";"28.10.2025";"KARTENZAHLUNG";"AMZN Mktp DE 118902";"";"";"";"";"";"";"AMAZON EU S.A R.L.";"";"";"-23,40";"EUR";"Umsatz gebucht"
"DE31440501990002345678";"28.10.2025";"28.10.2025";"LOHN  GEHALT";"GEHALT 10/2025 PERS.NR 3390";"";"";"";"";"";"";"Klinikum Dortmund gGmbH";"";"";"2.680,00";"EUR";"Umsatz gebucht"
"DE31440501990002345678";"01.11.2025";"01.11.2025";"DAUERAUFTRAG";"MIETE 11/2025";"";"";"";"";"";"";"Wohnungsgenossenschaft Dortmund-Sued";"";"";"-1.450,00";"EUR";"Umsatz gebucht"
"DE31440501990002345678";"02.11.2025";"02.11.2025";"KARTENZAHLUNG";"KAMPS BACKSTUBE";"";"";"";"";"";"";"Bäckerei Kamps";"";"";"-8,00";"EUR";"Umsatz gebucht"
"DE31440501990002345678";"02.11.2025";"02.11.2025";"FOLGELASTSCHRIFT";"KITA BEITRAG 11/2025";"";"";"";"";"";"";"Stadt Dortmund Elternbeitrag";"";"";"-250,00";"EUR";"Umsatz gebucht"
"DE31440501990002345678";"03.11.2025";"03.11.2025";"KARTENZAHLUNG";"EDEKA SAGT DANKE";"";"";"";"";"";"";"EDEKA Sander";"";"";"-84,10";"EUR";"Umsatz gebucht"
"DE31440501990002345678";"03.11.2025";"03.11.2025";"FOLGELASTSCHRIFT";"STROM ABSCHLAG 11/2025";"";"";"";"";"";"";"Stadtwerke Dortmund AG";"";"";"-89,00";"EUR";"Umsatz gebucht"
"DE31440501990002345678";"04.11.2025";"04.11.2025";"KARTENZAHLUNG";"ALDI SUED SAGT DANKE";"";"";"";"";"";"";"ALDI SÜD";"";"";"-56,00";"EUR";"Umsatz gebucht"
"DE31440501990002345678";"04.11.2025";"04.11.2025";"KARTENZAHLUNG";"MCDONALDS 4471 DORTMUND";"";"";"";"";"";"";"MCDONALDS DEUTSCHLAND";"";"";"-29,20";"EUR";"Umsatz gebucht"
"DE31440501990002345678";"04.11.2025";"04.11.2025";"FOLGELASTSCHRIFT";"MAGENTA ZUHAUSE XL";"";"";"";"";"";"";"Telekom Deutschland GmbH";"";"";"-49,99";"EUR";"Umsatz gebucht"
"DE31440501990002345678";"05.11.2025";"05.11.2025";"KARTENZAHLUNG";"ALDI SUED SAGT DANKE";"";"";"";"";"";"";"ALDI SÜD";"";"";"-33,90";"EUR";"Umsatz gebucht"
"DE31440501990002345678";"05.11.2025";"05.11.2025";"KARTENZAHLUNG";"ROSSMANN FIL 1104";"";"";"";"";"";"";"Rossmann Drogeriemarkt";"";"";"-31,00";"EUR";"Umsatz gebucht"
"DE31440501990002345678";"06.11.2025";"06.11.2025";"FOLGELASTSCHRIFT";"MOBILFUNK FAMILIE 11/2025";"";"";"";"";"";"";"Vodafone GmbH";"";"";"-17,99";"EUR";"Umsatz gebucht"
"DE31440501990002345678";"07.11.2025";"07.11.2025";"KARTENZAHLUNG";"ARAL STATION 4471";"";"";"";"";"";"";"ARAL Tankstelle";"";"";"-76,40";"EUR";"Umsatz gebucht"
"DE31440501990002345678";"07.11.2025";"07.11.2025";"KARTENZAHLUNG";"DISNEY PLUS STANDARD";"";"";"";"";"";"";"DISNEY PLUS";"";"";"-8,99";"EUR";"Umsatz gebucht"
"DE31440501990002345678";"07.11.2025";"07.11.2025";"KARTENZAHLUNG";"EDEKA SAGT DANKE";"";"";"";"";"";"";"EDEKA Sander";"";"";"-32,60";"EUR";"Umsatz gebucht"
"DE31440501990002345678";"08.11.2025";"08.11.2025";"KARTENZAHLUNG";"OTTO BESTELLUNG";"";"";"";"";"";"";"OTTO GmbH";"";"";"-80,00";"EUR";"Umsatz gebucht"
"DE31440501990002345678";"08.11.2025";"08.11.2025";"KARTENZAHLUNG";"REWE SAGT DANKE. BIS BALD";"";"";"";"";"";"";"REWE Markt GmbH";"";"";"-42,30";"EUR";"Umsatz gebucht"
"DE31440501990002345678";"08.11.2025";"08.11.2025";"FOLGELASTSCHRIFT";"SPOTIFY FAMILY";"";"";"";"";"";"";"SPOTIFY AB";"";"";"-17,99";"EUR";"Umsatz gebucht"
"DE31440501990002345678";"09.11.2025";"09.11.2025";"KARTENZAHLUNG";"AMZN PRIME DE MITGLIEDSCHAFT";"";"";"";"";"";"";"AMAZON PRIME MEMBERSHIP";"";"";"-8,99";"EUR";"Umsatz gebucht"
"DE31440501990002345678";"09.11.2025";"09.11.2025";"KARTENZAHLUNG";"ARAL STATION 4471";"";"";"";"";"";"";"ARAL Tankstelle";"";"";"-86,80";"EUR";"Umsatz gebucht"
"DE31440501990002345678";"11.11.2025";"11.11.2025";"KARTENZAHLUNG";"OTTO BESTELLUNG";"";"";"";"";"";"";"OTTO GmbH";"";"";"-102,90";"EUR";"Umsatz gebucht"
"DE31440501990002345678";"11.11.2025";"11.11.2025";"KARTENZAHLUNG";"ROSSMANN FIL 1104";"";"";"";"";"";"";"Rossmann Drogeriemarkt";"";"";"-19,90";"EUR";"Umsatz gebucht"
"DE31440501990002345678";"12.11.2025";"12.11.2025";"FOLGELASTSCHRIFT";"HAUSRAT HAFTPFLICHT UNFALL";"";"";"";"";"";"";"Allianz Versicherungs-AG";"";"";"-68,00";"EUR";"Umsatz gebucht"
"DE31440501990002345678";"14.11.2025";"14.11.2025";"FOLGELASTSCHRIFT";"ZUSATZBEITRAG 11/2025";"";"";"";"";"";"";"Techniker Krankenkasse";"";"";"-220,00";"EUR";"Umsatz gebucht"
"DE31440501990002345678";"15.11.2025";"15.11.2025";"KARTENZAHLUNG";"EDEKA SAGT DANKE";"";"";"";"";"";"";"EDEKA Sander";"";"";"-76,20";"EUR";"Umsatz gebucht"
"DE31440501990002345678";"15.11.2025";"15.11.2025";"GUTSCHRIFT";"KINDERGELD 11/2025";"";"";"";"";"";"";"Familienkasse Nordrhein-Westfalen";"";"";"500,00";"EUR";"Umsatz gebucht"
"DE31440501990002345678";"15.11.2025";"15.11.2025";"KARTENZAHLUNG";"REWE SAGT DANKE. BIS BALD";"";"";"";"";"";"";"REWE Markt GmbH";"";"";"-81,10";"EUR";"Umsatz gebucht"
"DE31440501990002345678";"15.11.2025";"15.11.2025";"BARGELDAUSZAHLUNG";"GA NR00012345 AUSZAHLUNG";"";"";"";"";"";"";"Sparkasse Geldautomat";"";"";"-75,10";"EUR";"Umsatz gebucht"
"DE31440501990002345678";"16.11.2025";"16.11.2025";"LOHN  GEHALT";"GEHALT 11/2025 PERS.NR 8812";"";"";"";"";"";"";"Hoesch Werkstoffe Personal";"";"";"2.320,00";"EUR";"Umsatz gebucht"
"DE31440501990002345678";"17.11.2025";"17.11.2025";"KARTENZAHLUNG";"MCDONALDS 4471 DORTMUND";"";"";"";"";"";"";"MCDONALDS DEUTSCHLAND";"";"";"-14,70";"EUR";"Umsatz gebucht"
"DE31440501990002345678";"19.11.2025";"19.11.2025";"KARTENZAHLUNG";"ALDI SUED SAGT DANKE";"";"";"";"";"";"";"ALDI SÜD";"";"";"-50,30";"EUR";"Umsatz gebucht"
"DE31440501990002345678";"19.11.2025";"19.11.2025";"KARTENZAHLUNG";"LIEFERANDO BESTELLUNG";"";"";"";"";"";"";"Lieferando.de";"";"";"-33,20";"EUR";"Umsatz gebucht"
"DE31440501990002345678";"20.11.2025";"20.11.2025";"KARTENZAHLUNG";"PIZZERIA DA VINCI";"";"";"";"";"";"";"Pizzeria Da Vinci";"";"";"-20,90";"EUR";"Umsatz gebucht"
"DE31440501990002345678";"20.11.2025";"20.11.2025";"KARTENZAHLUNG";"REWE SAGT DANKE. BIS BALD";"";"";"";"";"";"";"REWE Markt GmbH";"";"";"-92,90";"EUR";"Umsatz gebucht"
"DE31440501990002345678";"23.11.2025";"23.11.2025";"KARTENZAHLUNG";"EDEKA SAGT DANKE";"";"";"";"";"";"";"EDEKA Sander";"";"";"-20,90";"EUR";"Umsatz gebucht"
"DE31440501990002345678";"23.11.2025";"23.11.2025";"KARTENZAHLUNG";"PIZZERIA DA VINCI";"";"";"";"";"";"";"Pizzeria Da Vinci";"";"";"-43,60";"EUR";"Umsatz gebucht"
"DE31440501990002345678";"24.11.2025";"24.11.2025";"KARTENZAHLUNG";"DECATHLON DORTMUND";"";"";"";"";"";"";"Decathlon Deutschland";"";"";"-50,80";"EUR";"Umsatz gebucht"
"DE31440501990002345678";"25.11.2025";"25.11.2025";"FOLGELASTSCHRIFT";"DEUTSCHLANDTICKET 2 PERSONEN 11/2025";"";"";"";"";"";"";"Deutsche Bahn AG";"";"";"-98,00";"EUR";"Umsatz gebucht"
"DE31440501990002345678";"25.11.2025";"25.11.2025";"KARTENZAHLUNG";"ROSSMANN FIL 1104";"";"";"";"";"";"";"Rossmann Drogeriemarkt";"";"";"-17,00";"EUR";"Umsatz gebucht"
"DE31440501990002345678";"27.11.2025";"27.11.2025";"KARTENZAHLUNG";"SHELL STATION 2109";"";"";"";"";"";"";"Shell Station";"";"";"-59,70";"EUR";"Umsatz gebucht"
"DE31440501990002345678";"28.11.2025";"28.11.2025";"LOHN  GEHALT";"GEHALT 11/2025 PERS.NR 3390";"";"";"";"";"";"";"Klinikum Dortmund gGmbH";"";"";"2.680,00";"EUR";"Umsatz gebucht"
"DE31440501990002345678";"01.12.2025";"01.12.2025";"KARTENZAHLUNG";"DECATHLON DORTMUND";"";"";"";"";"";"";"Decathlon Deutschland";"";"";"-49,30";"EUR";"Umsatz gebucht"
"DE31440501990002345678";"01.12.2025";"01.12.2025";"DAUERAUFTRAG";"MIETE 12/2025";"";"";"";"";"";"";"Wohnungsgenossenschaft Dortmund-Sued";"";"";"-1.450,00";"EUR";"Umsatz gebucht"
"DE31440501990002345678";"02.12.2025";"02.12.2025";"KARTENZAHLUNG";"OTTO BESTELLUNG";"";"";"";"";"";"";"OTTO GmbH";"";"";"-95,10";"EUR";"Umsatz gebucht"
"DE31440501990002345678";"02.12.2025";"02.12.2025";"FOLGELASTSCHRIFT";"KITA BEITRAG 12/2025";"";"";"";"";"";"";"Stadt Dortmund Elternbeitrag";"";"";"-250,00";"EUR";"Umsatz gebucht"
"DE31440501990002345678";"03.12.2025";"03.12.2025";"FOLGELASTSCHRIFT";"STROM ABSCHLAG 12/2025";"";"";"";"";"";"";"Stadtwerke Dortmund AG";"";"";"-89,00";"EUR";"Umsatz gebucht"
"DE31440501990002345678";"04.12.2025";"04.12.2025";"KARTENZAHLUNG";"KAMPS BACKSTUBE";"";"";"";"";"";"";"Bäckerei Kamps";"";"";"-12,80";"EUR";"Umsatz gebucht"
"DE31440501990002345678";"04.12.2025";"04.12.2025";"FOLGELASTSCHRIFT";"MAGENTA ZUHAUSE XL";"";"";"";"";"";"";"Telekom Deutschland GmbH";"";"";"-49,99";"EUR";"Umsatz gebucht"
"DE31440501990002345678";"05.12.2025";"05.12.2025";"KARTENZAHLUNG";"KAUFLAND 2210 DORTMUND";"";"";"";"";"";"";"KAUFLAND DORTMUND";"";"";"-29,90";"EUR";"Umsatz gebucht"
"DE31440501990002345678";"06.12.2025";"06.12.2025";"FOLGELASTSCHRIFT";"MOBILFUNK FAMILIE 12/2025";"";"";"";"";"";"";"Vodafone GmbH";"";"";"-17,99";"EUR";"Umsatz gebucht"
"DE31440501990002345678";"07.12.2025";"07.12.2025";"KARTENZAHLUNG";"DISNEY PLUS STANDARD";"";"";"";"";"";"";"DISNEY PLUS";"";"";"-8,99";"EUR";"Umsatz gebucht"
"DE31440501990002345678";"08.12.2025";"08.12.2025";"KARTENZAHLUNG";"ARAL STATION 4471";"";"";"";"";"";"";"ARAL Tankstelle";"";"";"-87,30";"EUR";"Umsatz gebucht"
"DE31440501990002345678";"08.12.2025";"08.12.2025";"KARTENZAHLUNG";"ARAL STATION 4471";"";"";"";"";"";"";"ARAL Tankstelle";"";"";"-74,10";"EUR";"Umsatz gebucht"
"DE31440501990002345678";"08.12.2025";"08.12.2025";"KARTENZAHLUNG";"APOTHEKE WESTENHELLWEG";"";"";"";"";"";"";"Apotheke am Westenhellweg";"";"";"-47,20";"EUR";"Umsatz gebucht"
"DE31440501990002345678";"08.12.2025";"08.12.2025";"KARTENZAHLUNG";"DECATHLON DORTMUND";"";"";"";"";"";"";"Decathlon Deutschland";"";"";"-63,90";"EUR";"Umsatz gebucht"
"DE31440501990002345678";"08.12.2025";"08.12.2025";"FOLGELASTSCHRIFT";"SPOTIFY FAMILY";"";"";"";"";"";"";"SPOTIFY AB";"";"";"-17,99";"EUR";"Umsatz gebucht"
"DE31440501990002345678";"09.12.2025";"09.12.2025";"KARTENZAHLUNG";"AMZN PRIME DE MITGLIEDSCHAFT";"";"";"";"";"";"";"AMAZON PRIME MEMBERSHIP";"";"";"-8,99";"EUR";"Umsatz gebucht"
"DE31440501990002345678";"10.12.2025";"10.12.2025";"KARTENZAHLUNG";"KAMPS BACKSTUBE";"";"";"";"";"";"";"Bäckerei Kamps";"";"";"-11,20";"EUR";"Umsatz gebucht"
"DE31440501990002345678";"10.12.2025";"10.12.2025";"KARTENZAHLUNG";"KAUFLAND 2210 DORTMUND";"";"";"";"";"";"";"KAUFLAND DORTMUND";"";"";"-115,70";"EUR";"Umsatz gebucht"
"DE31440501990002345678";"10.12.2025";"10.12.2025";"KARTENZAHLUNG";"PIZZERIA DA VINCI";"";"";"";"";"";"";"Pizzeria Da Vinci";"";"";"-35,30";"EUR";"Umsatz gebucht"
"DE31440501990002345678";"10.12.2025";"10.12.2025";"KARTENZAHLUNG";"REWE SAGT DANKE. BIS BALD";"";"";"";"";"";"";"REWE Markt GmbH";"";"";"-38,40";"EUR";"Umsatz gebucht"
"DE31440501990002345678";"12.12.2025";"12.12.2025";"FOLGELASTSCHRIFT";"HAUSRAT HAFTPFLICHT UNFALL";"";"";"";"";"";"";"Allianz Versicherungs-AG";"";"";"-68,00";"EUR";"Umsatz gebucht"
"DE31440501990002345678";"12.12.2025";"12.12.2025";"KARTENZAHLUNG";"APOTHEKE WESTENHELLWEG";"";"";"";"";"";"";"Apotheke am Westenhellweg";"";"";"-42,00";"EUR";"Umsatz gebucht"
"DE31440501990002345678";"12.12.2025";"12.12.2025";"KARTENZAHLUNG";"ZALANDO BESTELLUNG";"";"";"";"";"";"";"Zalando SE";"";"";"-115,90";"EUR";"Umsatz gebucht"
"DE31440501990002345678";"13.12.2025";"13.12.2025";"KARTENZAHLUNG";"KAUFLAND 2210 DORTMUND";"";"";"";"";"";"";"KAUFLAND DORTMUND";"";"";"-45,60";"EUR";"Umsatz gebucht"
"DE31440501990002345678";"14.12.2025";"14.12.2025";"KARTENZAHLUNG";"MEDIAMARKT WEIHNACHTEN";"";"";"";"";"";"";"MediaMarkt Dortmund";"";"";"-399,00";"EUR";"Umsatz gebucht"
"DE31440501990002345678";"14.12.2025";"14.12.2025";"FOLGELASTSCHRIFT";"ZUSATZBEITRAG 12/2025";"";"";"";"";"";"";"Techniker Krankenkasse";"";"";"-220,00";"EUR";"Umsatz gebucht"
"DE31440501990002345678";"15.12.2025";"15.12.2025";"GUTSCHRIFT";"KINDERGELD 12/2025";"";"";"";"";"";"";"Familienkasse Nordrhein-Westfalen";"";"";"500,00";"EUR";"Umsatz gebucht"
"DE31440501990002345678";"15.12.2025";"15.12.2025";"BARGELDAUSZAHLUNG";"GA NR00012345 AUSZAHLUNG";"";"";"";"";"";"";"Sparkasse Geldautomat";"";"";"-68,00";"EUR";"Umsatz gebucht"
"DE31440501990002345678";"16.12.2025";"16.12.2025";"LOHN  GEHALT";"GEHALT 12/2025 PERS.NR 8812";"";"";"";"";"";"";"Hoesch Werkstoffe Personal";"";"";"2.320,00";"EUR";"Umsatz gebucht"
"DE31440501990002345678";"16.12.2025";"16.12.2025";"KARTENZAHLUNG";"KAUFLAND 2210 DORTMUND";"";"";"";"";"";"";"KAUFLAND DORTMUND";"";"";"-78,10";"EUR";"Umsatz gebucht"
"DE31440501990002345678";"16.12.2025";"16.12.2025";"KARTENZAHLUNG";"SHELL STATION 2109";"";"";"";"";"";"";"Shell Station";"";"";"-54,00";"EUR";"Umsatz gebucht"
"DE31440501990002345678";"18.12.2025";"18.12.2025";"KARTENZAHLUNG";"KAUFLAND 2210 DORTMUND";"";"";"";"";"";"";"KAUFLAND DORTMUND";"";"";"-117,40";"EUR";"Umsatz gebucht"
"DE31440501990002345678";"19.12.2025";"19.12.2025";"KARTENZAHLUNG";"EDEKA SAGT DANKE";"";"";"";"";"";"";"EDEKA Sander";"";"";"-34,50";"EUR";"Umsatz gebucht"
"DE31440501990002345678";"19.12.2025";"19.12.2025";"KARTENZAHLUNG";"EDEKA SAGT DANKE";"";"";"";"";"";"";"EDEKA Sander";"";"";"-21,40";"EUR";"Umsatz gebucht"
"DE31440501990002345678";"20.12.2025";"20.12.2025";"KARTENZAHLUNG";"EDEKA SAGT DANKE";"";"";"";"";"";"";"EDEKA Sander";"";"";"-81,70";"EUR";"Umsatz gebucht"
"DE31440501990002345678";"20.12.2025";"20.12.2025";"KARTENZAHLUNG";"PIZZERIA DA VINCI";"";"";"";"";"";"";"Pizzeria Da Vinci";"";"";"-53,60";"EUR";"Umsatz gebucht"
"DE31440501990002345678";"21.12.2025";"21.12.2025";"KARTENZAHLUNG";"AMZN Mktp DE 118902";"";"";"";"";"";"";"AMAZON EU S.A R.L.";"";"";"-81,50";"EUR";"Umsatz gebucht"
"DE31440501990002345678";"23.12.2025";"23.12.2025";"KARTENZAHLUNG";"ALDI SUED SAGT DANKE";"";"";"";"";"";"";"ALDI SÜD";"";"";"-60,50";"EUR";"Umsatz gebucht"
"DE31440501990002345678";"25.12.2025";"25.12.2025";"FOLGELASTSCHRIFT";"DEUTSCHLANDTICKET 2 PERSONEN 12/2025";"";"";"";"";"";"";"Deutsche Bahn AG";"";"";"-98,00";"EUR";"Umsatz gebucht"
"DE31440501990002345678";"26.12.2025";"26.12.2025";"KARTENZAHLUNG";"AMZN Mktp DE 118902";"";"";"";"";"";"";"AMAZON EU S.A R.L.";"";"";"-20,30";"EUR";"Umsatz gebucht"
"DE31440501990002345678";"26.12.2025";"26.12.2025";"KARTENZAHLUNG";"BURGER KING 2201";"";"";"";"";"";"";"BURGER KING";"";"";"-32,00";"EUR";"Umsatz gebucht"
"DE31440501990002345678";"26.12.2025";"26.12.2025";"KARTENZAHLUNG";"EDEKA SAGT DANKE";"";"";"";"";"";"";"EDEKA Sander";"";"";"-72,20";"EUR";"Umsatz gebucht"
"DE31440501990002345678";"27.12.2025";"27.12.2025";"KARTENZAHLUNG";"EDEKA SAGT DANKE";"";"";"";"";"";"";"EDEKA Sander";"";"";"-77,60";"EUR";"Umsatz gebucht"
"DE31440501990002345678";"27.12.2025";"27.12.2025";"KARTENZAHLUNG";"ROSSMANN FIL 1104";"";"";"";"";"";"";"Rossmann Drogeriemarkt";"";"";"-11,30";"EUR";"Umsatz gebucht"
"DE31440501990002345678";"27.12.2025";"27.12.2025";"KARTENZAHLUNG";"ROSSMANN FIL 1104";"";"";"";"";"";"";"Rossmann Drogeriemarkt";"";"";"-11,00";"EUR";"Umsatz gebucht"
"DE31440501990002345678";"28.12.2025";"28.12.2025";"LOHN  GEHALT";"GEHALT 12/2025 PERS.NR 3390";"";"";"";"";"";"";"Klinikum Dortmund gGmbH";"";"";"2.680,00";"EUR";"Umsatz gebucht"
